"","baseMean","log2FoldChange","lfcSE","stat","pvalue","padj"
"ENSG00000003402",2546.60932638954,1.18344751825219,0.163539128949921,7.23647928083674,4.60481974717614e-13,5.08550351175234e-11
"ENSG00000008256",3716.56541790484,1.20463020462431,0.204288465620282,5.89671179411274,3.70816708158665e-09,1.75349182603868e-07
"ENSG00000008311",721.941418739337,1.1077992199918,0.169645697906779,6.53007552599737,6.57365343266433e-11,4.64990906860942e-09
"ENSG00000009413",7584.97488843759,1.1200897173317,0.16835402351848,6.65318056511282,2.86825942592424e-11,2.22166809289462e-09
"ENSG00000011198",1159.40295920204,1.08963971543416,0.202003263041316,5.39416888137739,6.88414477462033e-08,2.39032028908622e-06
"ENSG00000012048",221.109604822104,-1.20938627426539,0.173819178311601,-6.95772633384189,3.45808118196898e-12,3.23452688520281e-10
"ENSG00000013293",244.49400651336,-2.83697519971885,0.359762783549045,-7.88568281502663,3.12820255577383e-15,4.29149584070705e-13
"ENSG00000013297",3431.54455302823,-1.7160889212986,0.263088947958235,-6.52284687219557,6.89852832465814e-11,4.83971343694664e-09
"ENSG00000015520",17.5126902473431,-2.56038268348552,0.718642962089078,-3.56280214035987,0.000366917228925935,0.00431083673627602
"ENSG00000016391",92.1101048399364,-2.0430526185546,0.453262551796207,-4.50743748950429,6.56152527784218e-06,0.000135325529766388
"ENSG00000019186",14.0875173434919,-4.4292946063497,1.03620576834201,-4.27453189479617,1.91539285982742e-05,0.000349176730293139
"ENSG00000020577",3104.99903050483,1.20711583817257,0.147996952614809,8.15635603872411,3.45283622590038e-16,5.52389257149185e-14
"ENSG00000023909",1927.70386518774,1.24618872983959,0.200005625050143,6.23076840727432,4.64152845869121e-10,2.73036715312289e-08
"ENSG00000025423",169.201816463876,-2.18444908371571,0.506073604524347,-4.31646516274811,1.58547689848124e-05,0.000296614137138819
"ENSG00000025708",144.696986437221,1.27469002901987,0.312291924950836,4.08172586985891,4.47025046820174e-05,0.000718514061170679
"ENSG00000028277",34.4572720229068,-2.01648203829472,0.519974336987328,-3.87804146254214,0.000105300773796858,0.00149588269365529
"ENSG00000035664",633.039689235768,1.56946182199203,0.441527386020911,3.55461942267315,0.000378526564739805,0.00443505662916905
"ENSG00000041515",10.1316555228039,1.73915999291032,0.529035631927529,3.28741560672148,0.0010111148998089,0.00996445875355716
"ENSG00000046653",1090.45643883243,2.5845007824414,0.765065675731284,3.37814237969965,0.000729772850220883,0.0076592591355494
"ENSG00000048540",60.0651412567297,1.43089681396275,0.415211458552734,3.44618816385825,0.00056855432734261,0.00618949677914021
"ENSG00000049246",196.028265600041,-2.16537790078476,0.283212157945244,-7.64578016881399,2.07682219799524e-14,2.5213505237789e-12
"ENSG00000049759",1212.97707090486,-1.08130813872039,0.193985474826717,-5.57417064182923,2.48711857891038e-08,9.72020452826207e-07
"ENSG00000055163",284.230911081761,-1.0118879552721,0.259700298379927,-3.89636808884897,9.76459509350256e-05,0.00139991908551572
"ENSG00000056736",73.8580981973172,-1.01630480243411,0.281653935202537,-3.60834582944238,0.000308155547390281,0.00373509930616704
"ENSG00000057657",212.552949723346,1.2705722724869,0.297895658510263,4.26515874330249,1.99760122347254e-05,0.000361402151059585
"ENSG00000060718",363.7631440814,2.38256195930808,0.646007925004639,3.68813116230883,0.000225907197754769,0.00286833426240324
"ENSG00000061337",66.690939169056,-1.01277366312969,0.229116246725504,-4.42034852440235,9.85418403570096e-06,0.000195010314824427
"ENSG00000064201",16.9796928099119,-1.60092484547069,0.457156302300187,-3.50192010350862,0.000461918113642391,0.00525040788136152
"ENSG00000064309",348.466903387175,-1.64649093405668,0.299223086817159,-5.50255313375194,3.74330358986e-08,1.4052164660356e-06
"ENSG00000065809",2255.37318851588,-1.01341822206552,0.18211079780808,-5.56484422814687,2.62386690594522e-08,1.01458277411075e-06
"ENSG00000066468",28.7031609448735,-2.36011481492583,0.681547344776129,-3.46287727920218,0.0005344320870387,0.00587943988812884
"ENSG00000067082",3242.40128751998,1.11043438491643,0.155374219992956,7.14683803379203,8.87995472333542e-13,9.44143260584197e-11
"ENSG00000067798",705.207281858137,2.25851209050818,0.385570130971513,5.85759090004575,4.69629778433769e-09,2.14949800728055e-07
"ENSG00000068383",1247.23914866505,1.39524789009234,0.299886769046152,4.65258235476741,3.27803751211552e-06,7.44453976715845e-05
"ENSG00000068831",97.80859654551,1.95644215742438,0.319755898264924,6.11854908084737,9.44311985344008e-10,5.29991231643237e-08
"ENSG00000069431",849.097214895302,1.04720288289449,0.303881538220357,3.44608918668538,0.000568762614416844,0.00618949677914021
"ENSG00000070404",2128.12177561681,1.86506392091639,0.299229662573766,6.2328844836919,4.5792385246328e-10,2.71236695725482e-08
"ENSG00000070808",23.5852977806582,-2.26494678500561,0.410109444107604,-5.52278621608951,3.33665631163451e-08,1.2664497282164e-06
"ENSG00000070882",1106.4991291192,-1.09546207161789,0.216235985985269,-5.06604886613329,4.06157694131849e-07,1.14352095528766e-05
"ENSG00000071282",3659.86212780504,1.59619976823807,0.227835599499204,7.00592783457287,2.45354362989576e-12,2.33920589587675e-10
"ENSG00000072163",665.150392659381,1.30273813923605,0.331864564682798,3.92551142205025,8.65456630013724e-05,0.00126191538267248
"ENSG00000072571",36.6278171475339,1.54078072049799,0.305835231694712,5.03794383649042,4.70559464422722e-07,1.31618250195885e-05
"ENSG00000072958",2129.43309251556,1.08851385226982,0.126830068701599,8.58245890279251,9.28663153020495e-18,1.76631731704498e-15
"ENSG00000074590",412.639827468157,1.36547512387582,0.189822359623027,7.19343667725737,6.31804619108446e-13,6.88868246490343e-11
"ENSG00000074660",29.0085221353746,1.33454058926697,0.334397538924716,3.99088041604105,6.58284681088651e-05,0.00100342984602632
"ENSG00000075213",714.292422694761,-1.22237081908237,0.226526717712171,-5.39614413446599,6.80882568442737e-08,2.37379792395168e-06
"ENSG00000075240",576.834673930795,-1.15556489478034,0.192780178346805,-5.99421011376764,2.04476858572295e-09,1.03557244527827e-07
"ENSG00000077063",329.881095802951,-1.06363928506184,0.174075020829392,-6.11023500094418,9.94845396033935e-10,5.52914399003536e-08
"ENSG00000077684",1570.63392682279,1.20687900242556,0.109734438258827,10.9981790728169,3.89926141123659e-28,2.56721372452107e-25
"ENSG00000077943",468.382323636183,1.09914370883075,0.320143664622331,3.43328271114592,0.000596319961256795,0.00643619489079055
"ENSG00000078053",358.688992464954,1.15004715974235,0.166872863246662,6.89175661858465,5.51075997535044e-12,4.8625355287654e-10
"ENSG00000079101",6.7724663151121,-2.97231829774682,0.886290200160952,-3.35366260081297,0.000797495416839142,0.00822876826127332
"ENSG00000079462",58.3116305167459,-1.03318421241731,0.208241191647876,-4.9614785827982,6.99585851738201e-07,1.85955133696499e-05
"ENSG00000079691",1509.44660948859,1.17750188632919,0.193259287868073,6.0928605259738,1.10910690297097e-09,6.06571628276583e-08
"ENSG00000081052",207.134577208693,1.97279931152605,0.407428076840901,4.84207992444376,1.28487059904022e-06,3.21086349114899e-05
"ENSG00000081320",1491.68998319557,1.111736380084,0.296150904283085,3.75395233985613,0.00017406797457675,0.00228329163893088
"ENSG00000083223",1486.90383194881,1.12370077107167,0.175128779120844,6.41642553960981,1.39511136555818e-10,9.08042446981937e-09
"ENSG00000083290",1522.66160217916,1.1833769257179,0.219353576619701,5.39483761310877,6.85855520136148e-08,2.38627536457126e-06
"ENSG00000084090",3609.49027468893,1.27017676261237,0.191630309545253,6.62826650766546,3.3965184374476e-11,2.60724675391157e-09
"ENSG00000084710",10.3957442696493,-2.68473757980962,0.670718602921072,-4.00277786856845,6.26030746342928e-05,0.000957675988909583
"ENSG00000085117",1911.07882271632,1.25094067768321,0.27480687514583,4.55207198516916,5.31201525153571e-06,0.000112957859721476
"ENSG00000087448",907.657961796665,1.0584442730941,0.128137380882378,8.26023027632881,1.45391703716909e-16,2.46417344972876e-14
"ENSG00000089041",96.7559629333342,-1.91905878781858,0.290634666162528,-6.60299341836053,4.02937437753085e-11,3.03853879271247e-09
"ENSG00000091262",123.764149761265,-1.03277528499543,0.250209093586746,-4.12764888034484,3.66491148072947e-05,0.00060439262742897
"ENSG00000091428",36.1776800004709,-1.12569216062938,0.309765429953342,-3.63401481178496,0.000279044831936592,0.00343894127652309
"ENSG00000092621",1231.09188657928,-1.43224587763766,0.270449084922027,-5.29580596677039,1.184926073494e-07,3.90068548578274e-06
"ENSG00000092969",200.644149045315,-1.581171651767,0.290244990694708,-5.44771383644702,5.10213576274741e-08,1.85327406980643e-06
"ENSG00000095585",21.112756321606,-2.56707842337538,0.719573369862843,-3.56750059255901,0.000360402564509833,0.0042430337684177
"ENSG00000095637",44.3056674720633,1.90096795695234,0.362365951850686,5.24598944035349,1.55445805613779e-07,4.9551607085599e-06
"ENSG00000096060",2564.38437504937,3.93843101507586,0.296906743549409,13.2648755902052,3.70034444361156e-40,4.8724997065956e-37
"ENSG00000097096",201.584117610054,1.30625049569178,0.256180103022562,5.09895374496255,3.41535990157168e-07,9.90917471103459e-06
"ENSG00000099194",785.207076440808,-2.00114358732567,0.402568119250977,-4.97094402569439,6.66276847490664e-07,1.79047520806047e-05
"ENSG00000099204",848.584854270064,1.41316085454995,0.238058730718475,5.93618579030875,2.91729199267317e-09,1.40670998114308e-07
"ENSG00000099337",530.058849354171,2.8077907848498,0.364570787588405,7.70163403223562,1.34337165972787e-14,1.67852818038115e-12
"ENSG00000099840",37.675576970789,1.03630409024539,0.306583994358788,3.38016370493442,0.000724426674902847,0.00760781338710854
"ENSG00000099849",42.7950101182452,1.2200279656348,0.353326068964805,3.45298032836726,0.000554429432786012,0.00605275703471362
"ENSG00000099860",368.158192610506,1.45589384565326,0.178399208970132,8.16087612752256,3.32603136305168e-16,5.37122687478478e-14
"ENSG00000100033",55.3639200859253,4.96085630659381,0.623837900287619,7.95215600768504,1.83293227546731e-15,2.63664997407137e-13
"ENSG00000100206",36.2987514806198,1.9050402761651,0.424833194753451,4.48420768360785,7.31853565419924e-06,0.00014949724740881
"ENSG00000100242",2236.24203648175,1.9111102391718,0.273296625847723,6.99280583228512,2.69442303095266e-12,2.54823941678717e-10
"ENSG00000100292",2399.36890186206,-1.33242321632949,0.263552787165462,-5.0556218003226,4.28990730961314e-07,1.20387203341979e-05
"ENSG00000100302",35.8445158131682,-1.98191706557767,0.451044742269371,-4.39405868164192,1.11253763255995e-05,0.000217899533113973
"ENSG00000100592",756.53960738153,-1.00272296422206,0.184386978452743,-5.43814412837755,5.38384159095718e-08,1.94022316534747e-06
"ENSG00000100739",134.534730275926,-1.75213994646011,0.348179404440218,-5.03229060684131,4.84653841324282e-07,1.34899259443725e-05
"ENSG00000100767",208.812928691966,1.09090377211152,0.309109819316534,3.52917864118194,0.000416851637558304,0.00481813624892377
"ENSG00000100784",87.3227602014942,-2.45365480129831,0.291992061539357,-8.40315585417923,4.34637233404106e-17,7.83170543306472e-15
"ENSG00000101255",284.169999063775,-1.10255866537715,0.272782248546153,-4.04190034818415,5.3019765308827e-05,0.000829609088260056
"ENSG00000101342",42.90137769414,4.18688348555097,0.507683709347422,8.24703138679159,1.623777799877e-16,2.72508121355829e-14
"ENSG00000101347",12703.4128252398,3.85775021160878,0.279324769387078,13.8109850410826,2.18818799663703e-43,3.74574021264326e-40
"ENSG00000101825",4767.10469108964,-1.35152269901941,0.265260814203068,-5.09507106460423,3.48610462764506e-07,1.00632612168681e-05
"ENSG00000102385",110.998431391346,-1.06156588344503,0.250039058743724,-4.24560022253596,2.18009034165676e-05,0.000390772633177806
"ENSG00000102466",664.680645198945,1.20748848434974,0.326792474027827,3.69497029557333,0.000219912495319437,0.00280302464250046
"ENSG00000102524",64.0414731737915,-1.71371160091162,0.282903642306875,-6.05758054911394,1.38184151870264e-09,7.39198847410994e-08
"ENSG00000102554",149.552166590204,2.58697798375924,0.40773093064585,6.34481661634413,2.22690550979442e-10,1.40147678370077e-08
"ENSG00000102760",1136.38757496646,3.16730690984626,0.685136992420411,4.62288118272083,3.78446513249544e-06,8.44621566337118e-05
"ENSG00000102804",5397.33558773763,1.19402338003581,0.161554689677016,7.39083082281876,1.45914176203275e-13,1.69915569268549e-11
"ENSG00000102935",36.1479270707735,-1.13315249381486,0.314142112068233,-3.60713336506995,0.00030959855149069,0.00373509930616704
"ENSG00000102984",90.3328337493841,-1.39520195090431,0.215132838839886,-6.48530442134265,8.85528027208694e-11,6.08773846175037e-09
"ENSG00000102996",165.316302707453,1.26674502204698,0.287635793068043,4.40398953320569,1.06278072977564e-05,0.000208871188660153
"ENSG00000103064",780.765443622072,1.42510295580545,0.173580521386577,8.21003960825561,2.21115543509111e-16,3.60481511789425e-14
"ENSG00000103175",250.457907082079,1.70909270418385,0.363293509091174,4.70444051824479,2.54563068261495e-06,5.95301994877086e-05
"ENSG00000103196",3082.088884672,2.70058097148249,0.260942315270932,10.3493408827867,4.21376684128593e-25,1.94949353484142e-22
"ENSG00000103257",403.745805891872,-1.16593524452103,0.287682919361911,-4.05284834812963,5.05978032749989e-05,0.000796078305571169
"ENSG00000103485",865.199817057682,-1.21089320837376,0.137729490929997,-8.79182229018189,1.47153402068194e-18,3.07191699585774e-16
"ENSG00000103647",544.421110534088,-1.26341058758429,0.261234468780415,-4.83630890472677,1.32272312884695e-06,3.28626625828769e-05
"ENSG00000103710",1054.92511217113,-1.03360479099669,0.26368209264665,-3.91988997289164,8.85894040533091e-05,0.00128732887825513
"ENSG00000105486",143.60575042145,-1.00914504826071,0.216038253916681,-4.67114055018191,2.99531890050633e-06,6.89164905092304e-05
"ENSG00000105516",84.5743051728046,-1.65511927778072,0.203731571735384,-8.12401957969704,4.50992962571399e-16,6.95504282279027e-14
"ENSG00000105711",101.370727054434,-1.28635142869911,0.24507919653661,-5.24871734066972,1.53161868338981e-07,4.89146429519903e-06
"ENSG00000105835",2640.34214038423,1.0556516577691,0.15519665247492,6.80202595181424,1.03158009076554e-11,8.74187524441811e-10
"ENSG00000105889",230.619819110673,1.03901889946033,0.312773665483396,3.32195134732495,0.000893902791065004,0.00900416041126247
"ENSG00000105989",333.209551189313,-3.11651041077227,0.903545940858696,-3.4491997250416,0.000562250670709998,0.00612642073915579
"ENSG00000106003",16.4281623709883,-2.6324814697787,0.604957499125108,-4.35151473216846,1.35200235343932e-05,0.000259166587751111
"ENSG00000106123",2287.85993737051,1.32844086152754,0.339254704843837,3.91576253051241,9.01189191869677e-05,0.00130635617150584
"ENSG00000106617",1018.35402511812,1.57423128304687,0.259157325380193,6.07442325134905,1.24434130311998e-09,6.69899917745253e-08
"ENSG00000106976",884.737400832367,-1.75519510123771,0.203169283436197,-8.63907708661536,5.66689311202842e-18,1.12797530571747e-15
"ENSG00000107104",1276.70745444015,1.23018246447968,0.265755717387364,4.62899717294348,3.67440784238093e-06,8.23278971804671e-05
"ENSG00000107562",25136.0890181904,-1.94922987888133,0.278856497967112,-6.99008232941095,2.74724981134467e-12,2.58392430058231e-10
"ENSG00000107611",41.0818870131441,-1.54272316626898,0.341987426183447,-4.51105230237746,6.45068113945845e-06,0.000133360820948369
"ENSG00000107731",562.138709812938,-1.02602280559073,0.245816348810655,-4.17394046634809,2.99376017651341e-05,0.000509922255736881
"ENSG00000107796",2427.81163733981,1.18026766995969,0.287109692922182,4.11085971339737,3.94188655564227e-05,0.000645714967076405
"ENSG00000107821",484.072319145679,-1.0842780314957,0.312250022550346,-3.47246742414846,0.000515697593335642,0.00572856028729366
"ENSG00000107968",536.65948634498,1.13229699443861,0.176614893493722,6.41110708185466,1.44466675894392e-10,9.29691939082781e-09
"ENSG00000108387",19.0736661708649,1.93286767862342,0.477671975027725,4.04643307472922,5.20039835506096e-05,0.000815205302581809
"ENSG00000108604",2178.07637654574,1.27768101356386,0.185391092532131,6.89181446698915,5.50851892115058e-12,4.8625355287654e-10
"ENSG00000108700",15.0226558747118,-3.69004699627789,1.00151319099827,-3.68447168688793,0.000229177497558414,0.00290167189586164
"ENSG00000108821",100989.91598642,-1.29947097747104,0.11531120846574,-11.2692512268408,1.86146142893333e-29,1.51735698764194e-26
"ENSG00000108830",158.261075547043,-2.36508861287985,0.297030965207036,-7.9624311601026,1.68691467346932e-15,2.44716994749558e-13
"ENSG00000108950",1011.56493667117,1.08600603859766,0.198352681351325,5.47512658361351,4.37198972324215e-08,1.61640864108983e-06
"ENSG00000108960",1723.12310209931,1.64295850691069,0.230432014579987,7.12990558150241,1.00437800633806e-12,1.04835016539603e-10
"ENSG00000109625",41.4971423052559,-1.77448850800362,0.315463204950573,-5.62502529663214,1.85480791687298e-08,7.54171067007879e-07
"ENSG00000109674",47.9137964257685,-1.36442812239813,0.353892738642563,-3.85548493487521,0.000115500443732539,0.00160873604215916
"ENSG00000109689",1142.66277519747,-1.02090702133394,0.179385207558207,-5.69114385311106,1.26191135484712e-08,5.2894133718775e-07
"ENSG00000109861",4057.99873271313,1.00953491679097,0.236300397207221,4.2722523056348,1.93508447783115e-05,0.000352391235016102
"ENSG00000109881",67.0429297128855,-1.31311523938244,0.220608260666104,-5.95224873002317,2.64483006620183e-09,1.29157660876148e-07
"ENSG00000109906",385.071327676389,7.17614939620649,0.496359299844905,14.4575701481745,2.24587292168194e-47,4.80560658416893e-44
"ENSG00000110756",995.252222053197,1.59109263709432,0.17087077893296,9.31167193729818,1.25835671176046e-20,3.5900916986526e-18
"ENSG00000110900",262.804092122617,-1.4547010753938,0.308501784483493,-4.71537329299187,2.41267999293023e-06,5.65756933136707e-05
"ENSG00000111728",193.412946626173,-1.49517218627149,0.288156578670807,-5.18874909317825,2.11711425814015e-07,6.49476019190737e-06
"ENSG00000111816",88.8399342388187,-1.13764563892525,0.223634594517453,-5.08707358707183,3.63630769727681e-07,1.03951948084166e-05
"ENSG00000111859",1772.54117030296,1.66700093184821,0.286347544119742,5.82160024096843,5.82868296910726e-09,2.63259617586222e-07
"ENSG00000112715",1874.10517652625,-1.18414816012647,0.256442278177507,-4.61760115587031,3.88201461790035e-06,8.58752590025062e-05
"ENSG00000112773",516.79715620943,-1.19082715406622,0.137956952273702,-8.63187490329345,6.0354373362864e-18,1.18752432554656e-15
"ENSG00000112837",2754.94303068407,-1.80338443533455,0.199327048179878,-9.04736437830115,1.46460631838267e-19,3.63349724030065e-17
"ENSG00000112936",1960.7071087824,3.2146485834281,0.634287515346457,5.06812526756452,4.01752984757834e-07,1.13428088801761e-05
"ENSG00000114098",1010.29282888401,1.35688162931468,0.125664887329147,10.7976194317564,3.53243412117175e-27,2.15957883165064e-24
"ENSG00000114270",1546.90777793248,1.22849092116939,0.184160964978509,6.67074546070471,2.54507309566055e-11,1.99846611245492e-09
"ENSG00000114670",184.341568921453,-1.25636617740883,0.190877981539126,-6.58203825961613,4.64042129414019e-11,3.45368398752573e-09
"ENSG00000115419",3865.24060485268,1.186146373678,0.150471615381396,7.88285797737671,3.19976686186486e-15,4.34711183661926e-13
"ENSG00000115828",345.355415005522,1.14267268707568,0.301921008257658,3.78467432150506,0.000153909995714273,0.00207288065038311
"ENSG00000116194",237.044539587412,2.01920306831501,0.420808331868195,4.79839137060495,1.59945015254678e-06,3.91693672550728e-05
"ENSG00000116285",3232.63588079279,2.43984707583882,0.229362922678621,10.6374955783829,1.99417373394234e-26,1.03443230235227e-23
"ENSG00000116584",2250.58089102087,-1.01449238445002,0.0824250094623016,-12.3080651257191,8.19646505173272e-35,9.35380591703738e-32
"ENSG00000116675",50.8990625914575,2.131735978334,0.438541296769433,4.86096975139557,1.16812103652515e-06,2.94057292694669e-05
"ENSG00000116711",111.968421891278,-2.5026468596517,0.39764029200066,-6.29374565404339,3.09895453463621e-10,1.90135855641228e-08
"ENSG00000116962",9435.94331671769,1.55571939826597,0.254369070915687,6.11599276856121,9.59576767032289e-10,5.36798532616298e-08
"ENSG00000116991",119.853749823762,-2.71811164400946,0.556335392494724,-4.88574281032324,1.03039632360345e-06,2.60921956618991e-05
"ENSG00000117461",215.509146709287,-1.68081741206112,0.345196344907423,-4.86916341049872,1.1207170289443e-06,2.82956255183902e-05
"ENSG00000117479",262.855134199173,1.05228303126084,0.301503359435203,3.49012041932816,0.000482802941622165,0.00544082998991983
"ENSG00000117600",39.2873968219258,-2.07877981800589,0.56560930314184,-3.67529283280651,0.000237576757488583,0.00299693362910063
"ENSG00000118257",1755.47149943767,1.0228103738605,0.187626803091207,5.45130203685936,5.00023624481972e-08,1.82503292193654e-06
"ENSG00000118507",100.500227148656,1.03338974335046,0.19059847245689,5.42181545334364,5.89967729765787e-08,2.09959825324963e-06
"ENSG00000118689",5165.47547997407,1.27173394961826,0.146459742930471,8.6831638795242,3.8490918807236e-18,7.75161821343842e-16
"ENSG00000119138",1683.27622905212,2.11013968719508,0.205790724125059,10.2538134124683,1.13764642906042e-24,5.12479778227797e-22
"ENSG00000119139",5029.85477688044,1.95744623076081,0.249960830352983,7.83101187492696,4.83958956341129e-15,6.37262262665188e-13
"ENSG00000119508",216.674369404589,2.12131537796962,0.321682414151289,6.59443999625032,4.26864009232595e-11,3.20485004826472e-09
"ENSG00000119703",28.7983998291707,-1.2330968096124,0.329787004430755,-3.73907034857497,0.000184702038638675,0.00241130663144333
"ENSG00000119711",562.981123676436,1.24342247904799,0.200884323641235,6.18974371175255,6.02621139397473e-10,3.46163377993488e-08
"ENSG00000119714",54.8122250115231,-2.90162616041072,0.428361102983148,-6.77378534186114,1.25455773681419e-11,1.04758630920904e-09
"ENSG00000120129",3409.03835490143,2.94901281295457,0.201546443514014,14.6319268231072,1.75738759867527e-48,5.01382681902054e-45
"ENSG00000120162",60.670427635757,2.80287570436115,0.437436861949698,6.40749774005891,1.47927279303404e-10,9.48396691803621e-09
"ENSG00000121621",31.7907465435411,-1.49551742510131,0.412988289046038,-3.62121024921991,0.000293228089368189,0.00358790452738003
"ENSG00000122035",943.340735322473,2.3717716112164,0.405897863115728,5.84327198229218,5.11853441213087e-09,2.3365085884495e-07
"ENSG00000122679",10.3539982692666,-4.051171091646,1.22950501197585,-3.29496102267664,0.000984353321629128,0.00975125009238855
"ENSG00000122877",17.0524051391341,-3.0765823531955,0.504299334825413,-6.10070674445882,1.05600495503798e-09,5.79381180139108e-08
"ENSG00000122966",288.892501525737,-1.5860843569321,0.225750341243167,-7.02583370726179,2.12791775954734e-12,2.09343081654778e-10
"ENSG00000123358",180.640670589744,1.28639661155808,0.2610164732344,4.92841158880748,8.29008329248828e-07,2.16325679574412e-05
"ENSG00000123405",13.5285848772424,-2.83424673093147,0.579424780907008,-4.89148345794749,1.00078806022596e-06,2.54277867168646e-05
"ENSG00000123562",5040.48334406563,1.02831045496216,0.095951666964725,10.7169628990416,8.47403306195636e-27,4.8352832651523e-24
"ENSG00000123610",322.72990824958,-2.51160097838791,0.476778805023481,-5.2678536711887,1.38028059900757e-07,4.43295371366072e-06
"ENSG00000123612",20.5203830068849,-1.44636438263608,0.389620798516482,-3.71223607195317,0.000205436237709325,0.00264609293988579
"ENSG00000123685",42.3509033628623,1.93775539410431,0.464522083762668,4.17150327581484,3.02596706064266e-05,0.000514384350983923
"ENSG00000123689",42.1345372369129,-2.67619337632742,0.475978988608789,-5.62250317844808,1.8821010328048e-08,7.63455106150534e-07
"ENSG00000124134",26.0836133664418,-2.73922101500874,0.750973126259322,-3.64756196889907,0.000264740473085369,0.00328869914243494
"ENSG00000124151",1569.9043302201,1.4001889283055,0.203110907015661,6.89371609274306,5.43534498092325e-12,4.84594975955438e-10
"ENSG00000124374",25.5648484791868,1.27502341171117,0.371528084830891,3.43183587935627,0.00059951024353815,0.00646655094447766
"ENSG00000124440",197.042690626187,2.55215067433777,0.461444716984547,5.53078316946738,3.18804202954562e-08,1.21814516655719e-06
"ENSG00000124466",19.9281821004627,-1.42165101208748,0.40757402984527,-3.48808046633195,0.000486501642634381,0.00546206325230016
"ENSG00000124762",8020.4921552315,-1.00598156487714,0.227526354102511,-4.42138480548894,9.80703434606382e-06,0.000194748513484705
"ENSG00000124766",1281.45678699994,-2.35745543179661,0.253091196402967,-9.31464810037533,1.22357463239387e-20,3.55002551818953e-18
"ENSG00000125148",3656.26740037453,2.20346827829643,0.147419126764273,14.9469633056491,1.63015008179671e-50,5.5809818200392e-47
"ENSG00000125398",566.471452733473,-1.25410887891911,0.346907192370359,-3.61511351306958,0.000300216048360749,0.00364992778113587
"ENSG00000125657",13.3115501200415,-1.76174732041524,0.511938122935147,-3.44132863228554,0.000578865012057264,0.00629143573104524
"ENSG00000125848",178.652501999173,-2.3670633465717,0.340358916926661,-6.95460946916146,3.53540024952891e-12,3.27129629575329e-10
"ENSG00000125965",244.334637871174,-1.29668109207842,0.270484930569118,-4.79391250873057,1.63559628115347e-06,3.999733877255e-05
"ENSG00000126016",386.412442581616,-2.29690036596834,0.344466315478791,-6.66799702251222,2.5931804372241e-11,2.01908783485519e-09
"ENSG00000126785",672.616210072833,-1.17857725698714,0.30676350977484,-3.84197344023152,0.000122049045726523,0.00168622725161148
"ENSG00000126803",449.176836543227,2.55802637293322,0.646122045571388,3.95904518421294,7.52500007337745e-05,0.00111429888629823
"ENSG00000126860",22.3216226039413,-1.5028113885034,0.368379000853747,-4.07952512228037,4.51277929664705e-05,0.000723990215557678
"ENSG00000126861",309.304215909479,-1.71060669867869,0.244177910393564,-7.00557513954291,2.45973280323528e-12,2.33920589587675e-10
"ENSG00000126878",93.2590639059887,-2.71438589441543,0.477507345357525,-5.68449034513403,1.31203334183374e-08,5.46457098430898e-07
"ENSG00000126950",786.108308420399,-1.64521458617888,0.306142887033106,-5.3740088562011,7.70050729645915e-08,2.64162893588753e-06
"ENSG00000127324",26.4056853497082,4.38744376770279,0.842786667192935,5.2058770487151,1.93082462844136e-07,5.97216383491657e-06
"ENSG00000127589",307.264988823033,-1.16390573707356,0.28099691976692,-4.14205870313095,3.4420221112416e-05,0.000570382715394325
"ENSG00000127824",228.716782957365,-1.53922030864176,0.191636698400913,-8.03197050192151,9.59194362256383e-16,1.4033751361628e-13
"ENSG00000127954",286.388753317735,5.28708496441642,0.900415806526801,5.8718260231464,4.31020947425772e-09,1.99951668781419e-07
"ENSG00000128045",124.216514368742,3.99888922549498,1.03098333859585,3.87871372484184,0.000105010243924331,0.00149299448130955
"ENSG00000128165",58.7517465380704,-2.69295310104903,0.431334794370058,-6.24330134317577,4.28430352576016e-10,2.56429048090778e-08
"ENSG00000128285",6.62464689043904,-5.338693785566,1.15134051775515,-4.63693729460269,3.53609627634052e-06,7.95412563185244e-05
"ENSG00000128311",316.408984330112,1.30481679730298,0.147310647839387,8.8575864436196,8.17654038384501e-19,1.74957522863324e-16
"ENSG00000128342",153.120046201745,-2.50842163363501,0.346810592825147,-7.23282877031293,4.73035679988511e-13,5.19065690387393e-11
"ENSG00000128594",19.009262298397,-1.77101403626343,0.49698908664462,-3.56348677235608,0.000365961144320625,0.00430255691516515
"ENSG00000128606",1137.03091630192,-2.18534054818446,0.654828532590385,-3.33727142209219,0.000846052814939598,0.00861340753208559
"ENSG00000128699",1855.27925286963,1.01103127422021,0.154499485716121,6.54391352523911,5.99294587958363e-11,4.29235345467417e-09
"ENSG00000128923",1415.67710071441,1.0353052485683,0.122279145539118,8.4667360407511,2.52365119148199e-17,4.64514635438589e-15
"ENSG00000129048",1441.83170652588,-1.4544462976657,0.311849618588681,-4.66393482938347,3.10219662260175e-06,7.08990678046685e-05
"ENSG00000129467",105.731285944338,-1.6418061342836,0.273197783373256,-6.00958805013615,1.85995327005589e-09,9.53253894515469e-08
"ENSG00000130066",4098.11999428398,1.32119839160588,0.167049964869285,7.90900131370698,2.59461875679391e-15,3.70122365656651e-13
"ENSG00000130513",451.001146431514,-1.8568108711905,0.289076211331791,-6.42325725328994,1.33388783822937e-10,8.7821123133886e-09
"ENSG00000130592",19.9432991680427,-2.05150675809982,0.615341156165313,-3.33393392843152,0.000856269949265421,0.00868342949734921
"ENSG00000131242",31.7090867693619,-2.20395426698772,0.335084922890983,-6.57730060777684,4.79065632112871e-11,3.55006298290395e-09
"ENSG00000131386",11496.512180422,1.54343364224081,0.286374012785454,5.38957298264743,7.06252945587438e-08,2.44729512602546e-06
"ENSG00000131389",740.403133853246,-2.11964200003406,0.222524604304531,-9.52542756635249,1.64363905332051e-21,5.4107333297578e-19
"ENSG00000131459",1022.48755491405,1.31224503001734,0.267612530644981,4.90352610490495,9.41314263975615e-07,2.412188259092e-05
"ENSG00000131730",20.0331498566612,-1.19337428900494,0.355452783853275,-3.35733561028333,0.00078697525159383,0.00814559127807916
"ENSG00000131771",95.4180950879008,-3.045497395122,0.888734511445583,-3.42677971418968,0.000610784339814048,0.00656746628702065
"ENSG00000131979",85.0690048148891,1.62458845553196,0.273445210117782,5.94118454235198,2.82969841337875e-09,1.37220332691834e-07
"ENSG00000132170",516.135178648289,1.03742087273663,0.297558916925459,3.48643852940396,0.000489497865276224,0.00548737685513975
"ENSG00000132622",65.5487249388816,-2.33332032511888,0.362959683102583,-6.4285936806359,1.28789872380495e-10,8.57830753077553e-09
"ENSG00000132970",1322.81486937849,1.10256499286392,0.118198838115222,9.32805271562087,1.07833779107714e-20,3.182583846148e-18
"ENSG00000133069",144.073684283265,-1.04832334264165,0.185166539907854,-5.66151607716669,1.50041446376872e-08,6.18893850380552e-07
"ENSG00000133142",3055.98067746606,1.5478699887527,0.156162300512468,9.91193126428822,3.69434863596474e-23,1.34552893511584e-20
"ENSG00000133216",344.05324780186,-1.7402967264293,0.377524274070394,-4.60976113579599,4.03131879707837e-06,8.86993768231203e-05
"ENSG00000133401",90.8127317297427,1.24023998431098,0.3224491802741,3.8463114815696,0.000119909310616288,0.00165934323292613
"ENSG00000133816",1756.1598749898,1.11933243906218,0.269652310622379,4.15102112968613,3.30995203237619e-05,0.000555976977448661
"ENSG00000134243",5510.95647651194,2.22404407777616,0.267435065797096,8.31620218219083,9.08268272152172e-17,1.57047841239403e-14
"ENSG00000134253",136.92021385672,-1.96764635404256,0.211878379585256,-9.28667831939318,1.59178429138833e-20,4.39486508064282e-18
"ENSG00000134294",20597.3425646094,1.23275938736211,0.17570931139714,7.01590244455406,2.28469431501154e-12,2.21348874899023e-10
"ENSG00000134363",2906.30973919635,-1.78265085231396,0.314704926734527,-5.66451523594269,1.47440762029144e-08,6.09635498650938e-07
"ENSG00000134686",2737.98162586977,1.38716804373854,0.0916586973120212,15.1340580263364,9.65533115132771e-52,4.13199896621069e-48
"ENSG00000135069",724.584165165788,-1.26740197684493,0.29740124449291,-4.26158935214254,2.02978167371687e-05,0.000365360701269037
"ENSG00000135362",111.758618662809,1.54123027989593,0.198485960057318,7.76493349681186,8.16880742297239e-15,1.05138079298076e-12
"ENSG00000135472",155.837656595499,-1.63656277097629,0.360563804128732,-4.53889922459324,5.65486515980425e-06,0.000119358793841589
"ENSG00000135604",21.3325453810853,2.47297507185841,0.589508772855574,4.19497586079906,2.72900649671294e-05,0.000471870032431638
"ENSG00000135678",856.463921789611,1.46482753274902,0.299194888024431,4.89589759511333,9.78580190155443e-07,2.50019935747476e-05
"ENSG00000135821",19611.251384513,3.00416007078902,0.268753893163912,11.1781081026305,5.21907239248139e-29,4.06091278247711e-26
"ENSG00000135917",50.6421732584236,1.40457809257089,0.38343343353771,3.66316019866001,0.000249122625364003,0.00312416197874066
"ENSG00000136237",98.5190517139084,2.77733278827916,0.511138424566217,5.43362160775952,5.52216188131172e-08,1.98172677325564e-06
"ENSG00000136383",68.7869977048668,3.03985657667023,0.528509237726169,5.75175675215963,8.83208180573029e-09,3.84701212087763e-07
"ENSG00000136436",3129.15942131645,1.15224079031751,0.180503463491034,6.38348299823481,1.73104822595091e-10,1.10156444356236e-08
"ENSG00000136478",3701.51777497719,1.48548659722885,0.215736174219191,6.88566302153654,5.75190022131655e-12,5.04928348658957e-10
"ENSG00000136546",4991.23707113776,1.42661063257254,0.383105211093537,3.72380899883983,0.000196239413938211,0.00254294192868607
"ENSG00000136999",435.706358063201,-2.57960167652714,0.332473175349974,-7.75882647919415,8.57188344082292e-15,1.09502612492542e-12
"ENSG00000137266",141.425064719241,-1.37796609906645,0.223927676461483,-6.15362120860246,7.57334461072472e-10,4.30699378891647e-08
"ENSG00000137393",158.28377408095,2.17494285158685,0.362676779182306,5.9969178520072,2.01097722694582e-09,1.02148095462488e-07
"ENSG00000137672",655.448854141464,1.95881739040295,0.223867502396278,8.74989611906941,2.13549236241268e-18,4.35182836425956e-16
"ENSG00000137767",879.785486345189,1.03092699605464,0.165776500272488,6.21877645118635,5.01046547788914e-10,2.91731796090158e-08
"ENSG00000137801",90563.3614225568,1.95867170474017,0.290540221156664,6.74148211542806,1.56779036781615e-11,1.29026132289792e-09
"ENSG00000137869",63.2500575639689,1.14411972858668,0.344078463046669,3.32517100447376,0.000883643192642605,0.0089187524597029
"ENSG00000137872",288.770470105909,-1.32589419475926,0.245526842311759,-5.40020057389775,6.65664296454416e-08,2.33023342059442e-06
"ENSG00000137880",101.962504494865,1.34636543006831,0.242426971730832,5.55369487337069,2.79693531436345e-08,1.07833195295661e-06
"ENSG00000137959",102.245120327948,1.73369953127878,0.370289995514394,4.68200478619571,2.84082846673159e-06,6.56265879804473e-05
"ENSG00000137962",4500.57984403092,1.20136298424764,0.283730606383111,4.23416775356791,2.29399661070653e-05,0.000409048270646607
"ENSG00000138073",1697.49904128374,1.12101697380089,0.217606161487507,5.15158654579388,2.58291978423732e-07,7.74333115001303e-06
"ENSG00000138074",435.943594470857,1.21163782464678,0.180947019100169,6.69609165529297,2.14067488791173e-11,1.68866694614161e-09
"ENSG00000138135",37.8397097714386,-1.55917858758096,0.369553723192641,-4.21908504698838,2.45295737737033e-05,0.00043243794424125
"ENSG00000138166",402.172671708438,1.27783429646043,0.251920577159731,5.07236967645648,3.9289219764557e-07,1.11349811908888e-05
"ENSG00000138311",109.654622132657,-1.01043199113141,0.255804798431419,-3.9500118736135,7.81473163994893e-05,0.00115321186390212
"ENSG00000138316",799.560819258847,-2.40935751077825,0.304929303281611,-7.90136429936067,2.75867078210177e-15,3.87073167606705e-13
"ENSG00000138356",4456.79964784193,1.45509138730299,0.312837894853859,4.65126319809412,3.29907951529556e-06,7.47995273414958e-05
"ENSG00000138615",840.378261707032,1.36908962929864,0.325223932060258,4.20968291178823,2.55729338120724e-05,0.000446691307137812
"ENSG00000138669",239.218768914062,-1.63727291155251,0.393524383223329,-4.16053739324037,3.17499625392146e-05,0.000535991971150174
"ENSG00000138678",118.069529782404,1.16004682734946,0.198563240366893,5.84220334643003,5.15148691750579e-09,2.34529662377298e-07
"ENSG00000138735",6850.21318844962,-1.16614622770148,0.229385518118688,-5.08378313184574,3.69990370115486e-07,1.05558252593948e-05
"ENSG00000139132",1223.46315207371,2.25393670843187,0.205574548135563,10.9640844592568,5.68732465187566e-28,3.60576382928917e-25
"ENSG00000139269",16.8064799247861,-1.85132791538389,0.422788739307479,-4.37884868555473,1.19307931339131e-05,0.00023155478102758
"ENSG00000139354",124.247975939961,-1.1293941971787,0.244508492571221,-4.61903873072926,3.85521898361072e-06,8.54839877738967e-05
"ENSG00000140105",2493.9626123254,-1.33455747404711,0.223838055226279,-5.96215631295581,2.4893084064982e-09,1.23872038669872e-07
"ENSG00000140511",146.449098858215,1.34104673339269,0.383721678558405,3.49484224720074,0.000474342026123613,0.00536313527290886
"ENSG00000140545",9199.60485668938,1.09384781389938,0.169931513294587,6.43699213107766,1.21864248841994e-10,8.21288272313882e-09
"ENSG00000140600",11.2051862781286,-2.77327419576831,0.775404856755108,-3.57654994240535,0.000348158825448323,0.00412095567571877
"ENSG00000140807",96.2204474752052,2.51061232468222,0.379196598589272,6.62087248151084,3.57084917103026e-11,2.72883018346857e-09
"ENSG00000141150",151.082027400383,1.57178658572278,0.303958989938711,5.171048193178,2.32784516769798e-07,7.04029215205901e-06
"ENSG00000141298",2049.47820443989,1.21739835329125,0.186839640939551,6.51573909674294,7.23326053487403e-11,5.0538348504479e-09
"ENSG00000141401",627.528067458797,2.35555014645535,0.233108893600583,10.1049346941324,5.25305574231013e-24,2.14099543325869e-21
"ENSG00000141469",53.4354810111084,-3.87425998462147,0.761018737087339,-5.09088646023289,3.56393395521228e-07,1.0236144537806e-05
"ENSG00000142871",5220.26485622205,1.81853636452093,0.339043672903169,5.36372305357932,8.15238690113885e-08,2.77993145365926e-06
"ENSG00000143127",265.813276525119,3.72787475304213,0.771024624406412,4.83496199088597,1.33171078175998e-06,3.3038007481402e-05
"ENSG00000143320",1492.11031525408,-1.67064397710368,0.195634773652849,-8.53960646111009,1.34679726763364e-17,2.50592126384268e-15
"ENSG00000143344",1077.617717594,-1.06917308203343,0.154827325494946,-6.90558387297295,4.99973578985335e-12,4.52833212966717e-10
"ENSG00000143494",18.960739766621,-3.94185602923697,0.600450373685519,-6.56483233583844,5.20914412515508e-11,3.77839530230528e-09
"ENSG00000143507",318.946955566927,-1.17612464302673,0.199766937884025,-5.88748396248397,3.92119207528945e-09,1.83396081816406e-07
"ENSG00000143786",77.7758916331867,-1.51649366369702,0.224022175635576,-6.76939083996733,1.29325745490937e-11,1.07465927733683e-09
"ENSG00000143869",99.0938506755859,1.9496550533954,0.394839637113692,4.93784025243141,7.89925065452734e-07,2.07074077648084e-05
"ENSG00000143878",3314.35420803884,1.19923400209679,0.174705281229022,6.86432598751673,6.68059186056437e-12,5.8049934755909e-10
"ENSG00000143891",528.386962569768,-1.11201441949845,0.143423507630174,-7.75336231746508,8.9490810445535e-15,1.13474347644938e-12
"ENSG00000144362",62.3743684145395,1.45108460498481,0.338610783078176,4.28540577412678,1.8240594786511e-05,0.000335024143299887
"ENSG00000144369",1303.26322729511,-1.35029402425608,0.116149008711521,-11.6255320577879,3.0568289620102e-31,2.9070443428717e-28
"ENSG00000145242",26.3218179169868,-1.4935409057913,0.426922728855035,-3.49838695587099,0.000468081470467961,0.00529760841458281
"ENSG00000145244",167.013755528854,1.95572659316768,0.2916254379993,6.70629629083444,1.99626193599234e-11,1.58939589861939e-09
"ENSG00000145390",8442.04514236764,2.30685058018641,0.590765912332927,3.9048471349281,9.4284964242918e-05,0.00136085161712502
"ENSG00000145569",20.5338046400784,2.41980963709004,0.657355566153504,3.68112747755296,0.000232204865853345,0.00293565944880175
"ENSG00000145632",523.673955449036,-1.02912663834252,0.252994861761004,-4.06777683617426,4.74638040836691e-05,0.000753697029966834
"ENSG00000145675",3495.18760109883,1.62872780608393,0.283065380523319,5.75389262746579,8.72115604323221e-09,3.80838645785839e-07
"ENSG00000145685",2018.15055205869,-1.24343197278608,0.152811984814054,-8.1370055777963,4.05174057978133e-16,6.30524502224517e-14
"ENSG00000145777",152.370841552781,-2.78656070901067,0.261714255897043,-10.6473401667003,1.79418377534246e-26,9.59776183322257e-24
"ENSG00000145911",65.4288290674931,-1.34873947786002,0.342201026407015,-3.94136596263691,8.10189046437392e-05,0.00119147904612674
"ENSG00000146006",46.8070121087814,-4.12396622624798,0.46395728884158,-8.8886764480946,6.18411197055996e-19,1.3571747270775e-16
"ENSG00000146122",1942.42555424956,1.65314421382023,0.257066057248085,6.43081483225472,1.26921700828498e-10,8.48689716711809e-09
"ENSG00000146250",313.686159348886,-2.73134343005295,0.346290464695507,-7.88743470731896,3.08461442709941e-15,4.29149584070705e-13
"ENSG00000146373",818.986308472715,1.08989978036903,0.154506280686875,7.0540807501401,1.73745464681875e-12,1.7507280902293e-10
"ENSG00000146592",669.394803070239,-1.9948572724382,0.221528921315321,-9.00495186178762,2.15760447578789e-19,5.12970464118571e-17
"ENSG00000147027",12593.314252767,1.14924992024453,0.266834997597232,4.30696846588031,1.65507193920779e-05,0.000307616953912693
"ENSG00000147119",453.233381160408,1.54887159216184,0.210749895360444,7.34933504717912,1.99195307381871e-13,2.27321684784191e-11
"ENSG00000147576",242.963444803174,1.49127526598793,0.279430064696911,5.33684615363587,9.45772220428103e-08,3.16824439712099e-06
"ENSG00000147883",517.027129854307,-1.48915621755704,0.277854809637677,-5.35947612171586,8.3463624243332e-08,2.83478238055031e-06
"ENSG00000148120",743.999682318538,1.10063656366866,0.167546136911435,6.56915512322709,5.0601548133944e-11,3.70169786733698e-09
"ENSG00000148175",11193.7231981539,1.45149351422618,0.0848957782265683,17.0973580141107,1.55285950472343e-65,1.32909245009279e-61
"ENSG00000148848",1365.16397466345,-1.83304054978749,0.277093266691326,-6.61524753623638,3.7093052520915e-11,2.80955253563284e-09
"ENSG00000149218",2027.18420510953,1.96185472386832,0.25051231891879,7.83137025889855,4.82581176782448e-15,6.37262262665188e-13
"ENSG00000149256",648.748123860965,-1.43749544561351,0.327227048614371,-4.39296033656303,1.11817533549909e-05,0.000218753433063696
"ENSG00000149403",45.0596054072175,-2.1746604125164,0.59980552944088,-3.62560914458983,0.00028828110463168,0.00353748813554487
"ENSG00000149591",7792.45509748719,1.31650163190998,0.348864058421261,3.77368089412144,0.000160856487112407,0.00214116745442471
"ENSG00000149633",241.894453674371,-1.48824394400808,0.27752313474651,-5.36259416847337,8.2035176592339e-08,2.79180547297745e-06
"ENSG00000150594",41.651403552087,-2.33350925804314,0.600866361772525,-3.88357446264658,0.000102931989607188,0.001464663173812
"ENSG00000150636",73.7823939961424,-1.06243087193719,0.318373318969522,-3.33706001299342,0.000846696636459785,0.00861340753208559
"ENSG00000150907",678.867910303335,2.28868546251487,0.267208231902802,8.56517572911973,1.07911141522937e-17,2.02991529735124e-15
"ENSG00000150938",10974.7493811332,1.05424430098037,0.273178715877531,3.85917437818618,0.00011377073792453,0.00159111723185629
"ENSG00000151690",939.074613376125,1.03623641596216,0.225562371468226,4.59401277445841,4.34802744086442e-06,9.40954914446487e-05
"ENSG00000151726",1460.17591174986,1.60420467359761,0.177428967120558,9.04139104021045,1.54690601151313e-19,3.78284815786881e-17
"ENSG00000152463",7.53317434146912,3.91382072272901,0.871124498288701,4.49283739628216,7.02804467245855e-06,0.000144251880939023
"ENSG00000152495",69.1117378773133,-1.32522410405741,0.204154834023751,-6.49126977763964,8.51159042316165e-11,5.89884230217332e-09
"ENSG00000152583",997.444732611474,4.60255454054448,0.211741943062643,21.7366218235885,9.24585530831346e-105,1.5827055116771e-100
"ENSG00000152779",45.6803014022667,4.03163871888338,0.669463727975184,6.02219142040333,1.72071216623589e-09,8.898837118316e-08
"ENSG00000153207",1843.64210251282,1.28857186225664,0.230216617428947,5.59721481727678,2.17822744050265e-08,8.69158445839729e-07
"ENSG00000153904",3072.52278381816,1.33305086988823,0.319738035458442,4.16919703649551,3.05674646356907e-05,0.000518073128350251
"ENSG00000154127",416.178934936918,1.12107812800583,0.253532550222483,4.42183114957844,9.78679262886777e-06,0.000194576441603901
"ENSG00000154262",2397.11331568642,1.03759557053039,0.167347716224886,6.2002374094908,5.63780511302625e-10,3.24942585605331e-08
"ENSG00000154263",153.557368049674,-1.41260731629661,0.307113491517978,-4.59962637692821,4.23249363293891e-06,9.22953197562399e-05
"ENSG00000154310",763.352669622408,-1.12346046632297,0.193270734752207,-5.81288454128018,6.14054156560286e-09,2.76615238210499e-07
"ENSG00000154734",30315.1131700161,2.29536290980836,0.255095842991539,8.99804121811776,2.29780552481287e-19,5.38819657174611e-17
"ENSG00000154736",3780.49568538734,2.12649485456394,0.412728647531308,5.1522831460412,2.57334105514638e-07,7.72814950561328e-06
"ENSG00000154864",153.233975152144,-2.60322583699913,0.732675798314228,-3.55303920641127,0.000380807705041304,0.00445873207585297
"ENSG00000154930",670.046865009161,1.88264968050622,0.303253902182171,6.20816308366998,5.36075047356522e-10,3.10017995292194e-08
"ENSG00000155130",5654.02187573995,-1.18235314841425,0.160057711810345,-7.38704268005055,1.50130419489981e-13,1.72925123718904e-11
"ENSG00000155324",535.889217841704,1.30319453622013,0.310795507741264,4.19309321969041,2.75176296296679e-05,0.000474367355489078
"ENSG00000155897",24.2882778293443,-3.96640587717051,0.83816916191352,-4.73222597227903,2.22070990133205e-06,5.25783016473056e-05
"ENSG00000155962",402.930033304417,-1.23480909391374,0.194974847451472,-6.33317122723266,2.40172768588525e-10,1.49500998279941e-08
"ENSG00000156675",1631.8741313659,1.54532321759341,0.34913122950481,4.42619590285642,9.59094288107597e-06,0.000191126612617297
"ENSG00000156804",3746.77418722883,1.10614026872475,0.261713378033822,4.22653315254597,2.37319320912892e-05,0.000421414121928099
"ENSG00000157150",167.615767587415,2.93266222493855,0.287361804623461,10.2054698215071,1.87411914421743e-24,7.82467597822292e-22
"ENSG00000157152",49.9491137825046,3.55931794318997,0.43683875943846,8.14789866120247,3.70302461338052e-16,5.81544727815118e-14
"ENSG00000157214",3009.27287526155,1.98773609165231,0.220645921421766,9.00871440924005,2.0848604086036e-19,5.02656908091218e-17
"ENSG00000157368",52.0691481246527,-2.14908632349321,0.376390227634012,-5.70972933331016,1.13155986125565e-08,4.81841833457072e-07
"ENSG00000157510",488.000363039249,1.69728333754906,0.216703294539153,7.83229134175625,4.79057834828737e-15,6.37262262665188e-13
"ENSG00000157514",2205.71884823744,3.33854296259127,0.35514433748853,9.40052426627554,5.42918699386983e-21,1.63047057826428e-18
"ENSG00000157617",961.826842607706,1.13174245313255,0.281065271391985,4.02661790098632,5.65848726213137e-05,0.00087499534736373
"ENSG00000158246",70.3028660136772,2.33457252127899,0.231530412318166,10.0832218882366,6.55410435320279e-24,2.60914321670059e-21
"ENSG00000158716",158.97923512716,1.33926187273499,0.214659768707169,6.23899802371428,4.40382557516061e-10,2.61752382623609e-08
"ENSG00000158813",81.9429370730574,1.53192952180453,0.351584911976902,4.35721064704043,1.3173047574822e-05,0.000253366548748094
"ENSG00000159023",342.102479724447,-1.04057362806489,0.202186699501283,-5.14659782582924,2.65253164334569e-07,7.92426468949242e-06
"ENSG00000159212",757.351666879608,1.05118487064278,0.226222596065122,4.64668379254291,3.37313607591361e-06,7.617591470645e-05
"ENSG00000159713",14.1185093126775,-1.5443955623013,0.451602917376716,-3.41980864798756,0.000626651987320103,0.00672119593918892
"ENSG00000160097",14.6509596579192,-1.67806442775812,0.434525043752688,-3.86183593301287,0.000112538134577156,0.00157774593586549
"ENSG00000160145",42.1559705694256,-1.63457035905493,0.361067614868352,-4.52704782081025,5.98134083581097e-06,0.00012456033142021
"ENSG00000160200",834.069633966776,1.24728109654594,0.303275271876033,4.11270292111314,3.91053477885865e-05,0.000641192857705962
"ENSG00000160256",151.938004091306,1.0086440654955,0.302075998598594,3.33904073867122,0.000840682344019028,0.00857105441627023
"ENSG00000160460",175.803261819067,-1.08629668923568,0.221015661909146,-4.91502131501538,8.87728006330679e-07,2.30593748290874e-05
"ENSG00000161267",64.1439737675728,1.46736318700906,0.266120543886298,5.51390420889866,3.50959667680374e-08,1.32914327242315e-06
"ENSG00000161381",489.570300375528,-1.23623353338152,0.282303323423752,-4.37909663403384,1.19172282529018e-05,0.000231554044532546
"ENSG00000161647",166.341417002357,1.5683082670228,0.165807463714706,9.45861080006192,3.12061406520511e-21,9.89234658670021e-19
"ENSG00000162407",25853.4050719681,-1.01331242012668,0.206880110746239,-4.89806592074779,9.67845679876826e-07,2.47646970824088e-05
"ENSG00000162426",168.596870709815,1.29515940035727,0.157101454859136,8.24409552106675,1.66414179722127e-16,2.76570672668288e-14
"ENSG00000162614",5393.11454093552,2.02995889126933,0.151706516399885,13.3808285856261,7.82699330627095e-41,1.21802246742496e-37
"ENSG00000162616",1467.63832301977,1.52097017999927,0.123443099810175,12.3212247775546,6.96286871935183e-35,8.51359905270462e-32
"ENSG00000162630",42.6470656443847,2.85369054782046,0.592891513905279,4.81317489100775,1.48551177791978e-06,3.6588475704217e-05
"ENSG00000162643",89.0649433045371,-1.58473939159506,0.235773360721696,-6.72145227410005,1.79922170412889e-11,1.45278665713577e-09
"ENSG00000162692",508.164810682556,-3.60933204795293,0.326428735447038,-11.0570291644515,2.02700508371221e-28,1.44576137595773e-25
"ENSG00000162772",373.512381807902,1.97581116601472,0.333915172821171,5.91710508187321,3.27657371496246e-09,1.56671477242255e-07
"ENSG00000162878",1588.44163127645,1.53997285102256,0.307662430332074,5.00539779706087,5.57467851155465e-07,1.54163726592557e-05
"ENSG00000162998",89.4044039029013,1.77675227519126,0.43707991811454,4.06505126763946,4.80219047972001e-05,0.000761147191035621
"ENSG00000163083",418.919472436378,3.64391077725916,0.669899363417189,5.43948983422136,5.34333579247877e-08,1.92968822986607e-06
"ENSG00000163110",1314.18347975196,1.58700360591985,0.171091379211227,9.27576604523457,1.76347223182621e-20,4.79160597847635e-18
"ENSG00000163171",1357.57299789907,1.51188371462035,0.285191413139777,5.3012946567201,1.14984330154476e-07,3.80716008430235e-06
"ENSG00000163251",54.2584482235687,2.47654380236819,0.397787008333071,6.22580363483002,4.79093820021018e-10,2.8086054832602e-08
"ENSG00000163378",1805.28792859584,1.26403002635296,0.176503564046087,7.16149859740458,7.97998311668592e-13,8.5912799365679e-11
"ENSG00000163431",4934.7292907592,1.1507269509041,0.256828864915398,4.48052033124532,7.44612860912049e-06,0.000151922323636382
"ENSG00000163485",45.7488367839578,-1.65266291634597,0.474785725097589,-3.48086058401667,0.000499805571000775,0.00558047606256237
"ENSG00000163491",160.223339782888,-2.47256611656988,0.236886255156031,-10.4377778902421,1.66666316419527e-25,8.15141144134132e-23
"ENSG00000163513",13216.63240217,1.45498958480875,0.173512711717697,8.38549274231851,5.05137122316946e-17,9.00722631231404e-15
"ENSG00000163661",8565.67576080715,2.23855748511454,0.328937676172147,6.80541527247553,1.00758165214666e-11,8.58098642858039e-10
"ENSG00000163697",2266.27531330114,1.08064958453322,0.105703021734851,10.2234502552251,1.55698347004684e-24,6.83395975391329e-22
"ENSG00000163803",102.824414540975,1.48851561295007,0.334416693318145,4.45108047143442,8.54393150916961e-06,0.000172064728910547
"ENSG00000163884",561.111048261822,4.58218142970924,0.412315586337556,11.1132869615991,1.08105472767291e-28,8.04586731665428e-26
"ENSG00000164070",591.680867512758,-1.29366268530403,0.244233882527168,-5.29681906506206,1.17837351506741e-07,3.88658917744199e-06
"ENSG00000164104",1065.1796658589,1.23930614554967,0.198632366303049,6.2391953970829,4.39827313396463e-10,2.61752382623609e-08
"ENSG00000164105",538.511069195385,1.23158731325979,0.166052240672423,7.41686657326949,1.19923649737163e-13,1.40606372342518e-11
"ENSG00000164125",5596.3514152391,1.12456104199287,0.0981153358811452,11.4616235259607,2.05623714569809e-30,1.75993337300299e-27
"ENSG00000164171",845.185566904837,-1.03087606895278,0.231620018968325,-4.45072094175829,8.55824929028857e-06,0.000172150542128272
"ENSG00000164292",14399.5190131877,1.051541165715,0.235138654972081,4.47200468098218,7.7489730844258e-06,0.000157537911234205
"ENSG00000164330",884.925838449291,1.12180224184487,0.213455191550165,5.25544604325649,1.4766614260708e-07,4.72476454046355e-06
"ENSG00000164442",7510.49639231427,1.61624839914717,0.266075100165651,6.07440680522507,1.24446882721691e-09,6.69899917745253e-08
"ENSG00000164484",816.7876386142,-1.21365801400868,0.125587046818649,-9.6638789170768,4.29294317548763e-22,1.46973202555995e-19
"ENSG00000164619",553.26611920588,-1.46738444424258,0.347994650776744,-4.21668678230339,2.47917948269327e-05,0.000435267634715317
"ENSG00000164647",1920.71084944799,1.55676220873078,0.141029484462542,11.0385584593431,2.48995707501648e-28,1.70492340840528e-25
"ENSG00000164761",7614.29076464117,-1.53516263459979,0.343601776747968,-4.4678541802938,7.90081307096379e-06,0.000160054577690838
"ENSG00000165030",1429.95119544851,1.15172078822327,0.201080450496114,5.72766166666971,1.01824385413431e-08,4.36849581330102e-07
"ENSG00000165125",29.8611639797166,1.7401322222766,0.527743860641594,3.29730452981693,0.000976175963514543,0.00969267989758814
"ENSG00000165272",138.5709006117,-2.98047665960171,0.455859768316716,-6.53814367213686,6.22870761229139e-11,4.44262570446684e-09
"ENSG00000165495",15.3546494721503,-2.24364020544233,0.528530492414478,-4.24505347873638,2.18541292794696e-05,0.000391316929922553
"ENSG00000165507",18353.5589923275,1.61594916694657,0.27013083806038,5.98209807717464,2.20281559684695e-09,1.1058005098776e-07
"ENSG00000165644",74.7388458501545,1.02559086252367,0.24387953102292,4.20531751156797,2.60715882396526e-05,0.000453550251510541
"ENSG00000165891",39.9867489809378,-1.49613427122633,0.366002147928453,-4.08777456551649,4.35531066878641e-05,0.000703341585172508
"ENSG00000165895",108.535420853438,-1.32407864323411,0.305886811011729,-4.3286555535189,1.50022353371917e-05,0.000283452830576211
"ENSG00000165899",27.8518859668095,1.88977786161624,0.521390463590712,3.62449640640091,0.000289525045618174,0.00355020754361884
"ENSG00000165995",495.095686525811,3.30052365155621,0.308426316320534,10.7011739170989,1.00496875101447e-26,5.54937260640827e-24
"ENSG00000166260",774.219568793219,1.05611343035087,0.215737612384951,4.89536070542207,9.81255765583416e-07,2.50329898588032e-05
"ENSG00000166473",146.321471745754,-1.3722457752336,0.416898609168987,-3.29155757551921,0.000996342195718794,0.00985860445451694
"ENSG00000166592",105.621519715087,-1.5097957544709,0.307300225214252,-4.91309680433282,8.96489849595207e-07,2.32165102047969e-05
"ENSG00000166741",7432.96098233325,2.16221947092681,0.177514555482886,12.1805193103462,3.94760242386424e-34,4.22344114323175e-31
"ENSG00000166793",139.258057333942,-1.24898310710114,0.255204491737353,-4.89404829279629,9.87825818775046e-07,2.51630987586179e-05
"ENSG00000166825",4198.98318522714,1.08552294504635,0.187155260926954,5.80011985594159,6.62675373362954e-09,2.95408256281955e-07
"ENSG00000166979",130.591215090375,1.3602254974153,0.256742856895676,5.2980071728656,1.17073368795158e-07,3.86884541898748e-06
"ENSG00000167191",2745.7420434188,1.89068585807827,0.341746461587723,5.53242263078398,3.15837770570744e-08,1.20951028112528e-06
"ENSG00000167549",1996.39680069426,2.36464669032131,0.285727487077772,8.27588103092677,1.27509260311528e-16,2.18270351801273e-14
"ENSG00000167552",9310.09165043078,-1.19792985976392,0.231132800051963,-5.18286396173368,2.18504414311084e-07,6.65544228501269e-06
"ENSG00000167641",231.672665874094,2.83367959812451,0.441817253478678,6.41369157907108,1.42037422288673e-10,9.20983558612693e-09
"ENSG00000167645",624.068561705624,1.14338540971691,0.189439213213296,6.03563217098843,1.58341564171319e-09,8.26369175452634e-08
"ENSG00000167771",45.611108328419,-1.42453628632951,0.259825009235103,-5.4826757844566,4.18940379278219e-08,1.55562286604871e-06
"ENSG00000167992",251.542182012273,-1.50498893474446,0.287372615457662,-5.2370645419629,1.63150651063825e-07,5.18147095530716e-06
"ENSG00000168309",159.530276360668,4.71723126817543,1.07576865686836,4.38498671443696,1.15992857530592e-05,0.000226146439089826
"ENSG00000168398",5604.03360684726,-1.99192830185869,0.32585097181076,-6.11300402386252,9.77729047067882e-10,5.45171525332508e-08
"ENSG00000168481",21.0039327564639,4.88082611664885,0.870445088851749,5.6072762994015,2.0553540612578e-08,8.22045579920817e-07
"ENSG00000168556",382.017664708123,1.29690708347609,0.233058602677835,5.56472521749754,2.62565818980642e-08,1.01458277411075e-06
"ENSG00000168621",218.3476228313,1.81236625487527,0.307469975535561,5.89444953679928,3.75932458201063e-09,1.7727856252027e-07
"ENSG00000168646",316.537654268164,1.17405019691279,0.234998480238758,4.99599059415174,5.85345135282638e-07,1.60575929900131e-05
"ENSG00000168811",36.0799212868398,-1.97694301095636,0.492482968180636,-4.01423630599799,5.96385752554445e-05,0.000918895707671196
"ENSG00000168918",16.1499135590953,-2.09812466302276,0.51939616038677,-4.0395459632593,5.35547726399058e-05,0.000834167969108197
"ENSG00000168994",1328.00667365707,1.38656997537331,0.21323779631794,6.50245875410344,7.90176908401131e-11,5.49847492602056e-09
"ENSG00000169031",44.8711687749684,2.07802954583201,0.447141343520803,4.64736615377488,3.36200096837276e-06,7.60247458079325e-05
"ENSG00000169218",643.19435301813,1.3482169949727,0.25556275572722,5.27548308491298,1.32406824622624e-07,4.30901145226249e-06
"ENSG00000169271",82.8298565783954,2.38563589878403,0.466014719819664,5.11922863661306,3.06787852512522e-07,8.99245626594067e-06
"ENSG00000169715",554.197192328851,2.17593534286194,0.253144948824449,8.59561035275052,8.28233882113997e-18,1.59300085326151e-15
"ENSG00000169738",627.449398995589,2.14976702168189,0.237213096179099,9.06259838225282,1.27379318359871e-19,3.20658701718276e-17
"ENSG00000169744",616.840955382529,-1.31895003317928,0.179619777198446,-7.34301118591235,2.08841065752853e-13,2.36751083679293e-11
"ENSG00000169750",73.6746294601885,1.47869344029729,0.226506460401918,6.52826165608462,6.65373868875585e-11,4.68718925407912e-09
"ENSG00000169855",1727.80413612155,-1.13107297818797,0.205326173673096,-5.50866437509702,3.61566521818839e-08,1.36629044602536e-06
"ENSG00000169908",952.845886251463,1.16879084813022,0.215523882833049,5.42302241759256,5.85996400809666e-08,2.08980966438747e-06
"ENSG00000170214",201.577369495195,3.68001880582023,0.479533692344242,7.67416109560548,1.66504720221264e-14,2.035877000534e-12
"ENSG00000170323",8.79470657325092,3.5580583688285,1.02972188193503,3.45535860823145,0.00054956134783955,0.00601561058713512
"ENSG00000170485",287.525215625149,1.17259452689716,0.245881509226665,4.76894147341598,1.85196449684274e-06,4.46506031788084e-05
"ENSG00000170624",2121.06225268788,-1.18320424692497,0.273726887754613,-4.32257224210168,1.54220561174953e-05,0.000288834525841668
"ENSG00000170873",1487.26194884797,1.95901718349484,0.588432495823309,3.32921311688245,0.000870917350933592,0.00881108936955155
"ENSG00000170989",241.926412638281,-1.47810684398599,0.230490556173168,-6.41287377898245,1.42801749632828e-10,9.22445415175375e-09
"ENSG00000171033",245.152985156536,-1.33090340204973,0.343816557915466,-3.87096947895383,0.000108403365539259,0.00152854103072572
"ENSG00000171132",401.591844664341,-1.1839435271689,0.20991266110215,-5.64017206467005,1.6988031875774e-08,6.9569648241507e-07
"ENSG00000171509",35.2184287096715,-1.95603028564169,0.472026494408312,-4.1438993548309,3.41449645647049e-05,0.00056805042863988
"ENSG00000171617",710.664322978832,-1.21921527376598,0.244732062946712,-4.98183711233396,6.29834427381104e-07,1.70593445061863e-05
"ENSG00000171793",688.140766747762,1.5421065080542,0.22930316119343,6.72518643017463,1.75367762454695e-11,1.43633749172223e-09
"ENSG00000171817",33.1021445653463,-1.18688255439104,0.338353288601554,-3.50782035929527,0.000451794017607535,0.00515243837002384
"ENSG00000171819",254.882598741171,5.79685786904569,1.3972181944792,4.14885655794543,3.34140091981995e-05,0.000558575204545682
"ENSG00000171877",91.1571869867535,-1.29749185235914,0.249261132778072,-5.20535166433009,1.93629567027614e-07,5.97216383491657e-06
"ENSG00000172260",1335.0168908566,1.46777999778965,0.353547108988472,4.15158252032971,3.30184166940676e-05,0.0005557613146205
"ENSG00000172403",8014.79636483276,1.72301329674878,0.255470357731578,6.74447443550043,1.5358192707131e-11,1.27005576212883e-09
"ENSG00000172465",395.279554854593,1.03888549203834,0.153323385495661,6.775779759101,1.23737054051032e-11,1.03829945649292e-09
"ENSG00000172497",22.9676734512283,-1.69666609223471,0.462497363047258,-3.6684881424099,0.000243989007797934,0.00306652263985686
"ENSG00000172738",50.8391641698733,-1.76485512182749,0.445554321815011,-3.9610324385098,7.46263927978094e-05,0.00110793980217945
"ENSG00000172986",756.360325010941,-1.56946707488561,0.159712217783746,-9.82684416173289,8.6280166676014e-23,3.01417121053063e-20
"ENSG00000173110",13.4569152475954,-2.68629048404625,0.539382748975676,-4.98030478198959,6.34842130356947e-07,1.71678160939182e-05
"ENSG00000173114",60.5696594543702,-1.08346257330924,0.310623464287662,-3.48802552889522,0.00048660161582882,0.00546206325230016
"ENSG00000173838",47.3529312582661,3.8851306942301,0.435299786004479,8.9251840206283,4.44958836612201e-19,1.00221123225364e-16
"ENSG00000173918",992.657155958414,1.23653637927865,0.242891621417932,5.09089762775718,3.56372403587564e-07,1.0236144537806e-05
"ENSG00000173947",78.030910778508,-1.22901406104473,0.268303503788226,-4.58068584156395,4.63453579925864e-06,9.99168561860319e-05
"ENSG00000174306",3234.84552730351,1.14159910399049,0.127688509043333,8.94049991298021,3.87413761977043e-19,8.84233170336404e-17
"ENSG00000174437",10584.2528711225,1.38425563036892,0.206041001482728,6.71835033031012,1.83793389507428e-11,1.4770775782104e-09
"ENSG00000174680",14.3888594220334,3.09349559888664,0.616219804554581,5.02011713356518,5.1639980553625e-07,1.43269560310689e-05
"ENSG00000174697",115.96591423188,3.1983152992116,0.59689358434429,5.358267173746,8.4023925187027e-08,2.84816148782481e-06
"ENSG00000174944",21.3632883755612,1.59255244324079,0.385547978129552,4.13062065833389,3.61785147665918e-05,0.000597404052082604
"ENSG00000175130",620.187452036512,-1.13449161612584,0.175762058725822,-6.45470145462724,1.08432447766525e-10,7.39500653732025e-09
"ENSG00000175197",434.00159305876,-1.03873212986629,0.171735716652542,-6.04843389664756,1.46260609484825e-09,7.72743553444823e-08
"ENSG00000175471",158.252276746404,1.78717197586461,0.468848382754981,3.81183350865601,0.000137939779368953,0.00188397205853072
"ENSG00000175489",9.24960439883729,-3.39933943757364,0.839237612368202,-4.05050892318948,5.11063606212935e-05,0.000802604294601194
"ENSG00000175538",105.055832619948,-1.18735911694338,0.258364263675634,-4.59567859754035,4.31343146272623e-06,9.34649617455033e-05
"ENSG00000175741",220.059925106794,1.13168654001862,0.185328466683784,6.10638268512496,1.01914482754023e-09,5.62765198639796e-08
"ENSG00000175928",11.3933402427726,-2.16986399983827,0.652903906280883,-3.3234048363999,0.000889257579659681,0.00897013037631964
"ENSG00000175946",46.1875080133802,1.0159189260144,0.256292553792712,3.96390340250022,7.37340984163247e-05,0.00109754808407882
"ENSG00000176293",145.131631357786,-1.15108647340553,0.230885999313457,-4.98551872711341,6.17957931410484e-07,1.68174942287515e-05
"ENSG00000176771",107.651022394312,-2.20622532295642,0.286962394040562,-7.68820364191892,1.492151781671e-14,1.83760102148519e-12
"ENSG00000176909",52.4593751009759,-1.11580362839263,0.29801928807459,-3.7440651429023,0.000181066675245371,0.00237146086216546
"ENSG00000176928",260.113412949137,1.9644965438753,0.514008951273613,3.82191115350748,0.000132421402696474,0.00181488356393775
"ENSG00000176971",2618.72488012087,1.27726541038269,0.250173693434739,5.10551446415719,3.29895752009267e-07,9.62036709181368e-06
"ENSG00000177283",115.085150181609,2.46980212277057,0.277327323549981,8.90572948656988,5.30361159106191e-19,1.17905484695841e-16
"ENSG00000177570",102.120903759786,-2.02790039599092,0.369083938279117,-5.49441518762957,3.92007260007397e-08,1.46835454634718e-06
"ENSG00000177575",10.1021614404928,4.40665736942942,0.928157117185541,4.74774937113208,2.05692701838983e-06,4.91766434368676e-05
"ENSG00000177614",133.149204675085,-2.47607484412642,0.346670895280933,-7.14243646591638,9.16909019889154e-13,9.68867197682873e-11
"ENSG00000177666",1701.23183704411,1.10499933477376,0.105057372576357,10.5180560647529,7.13300419486622e-26,3.59125781787411e-23
"ENSG00000177674",751.373019489767,1.10959712592205,0.153166691972038,7.24437612143908,4.34434274428081e-13,4.8289908504285e-11
"ENSG00000178015",22.9769906583041,2.60059303096667,0.537680991575862,4.83668396635098,1.32023083000124e-06,3.28484176569204e-05
"ENSG00000178662",37.9029372074625,-1.28767874594611,0.330855133120113,-3.89197149157916,9.9432930947528e-05,0.00141959375476212
"ENSG00000178695",2649.82251474546,-2.49988304166943,0.17890347996184,-13.9733617378636,2.26669605815738e-44,4.31125590261533e-41
"ENSG00000178723",34.4928481345877,3.61362047058665,0.541942951525567,6.66789827308266,2.5949253631741e-11,2.01908783485519e-09
"ENSG00000179094",776.600164098613,3.18388262288409,0.201509405983297,15.8001687680425,3.10284782938806e-56,1.77048497144883e-52
"ENSG00000179294",38.6110712100653,1.02780079838237,0.274551104793795,3.74356824808378,0.000181425294303772,0.00237434112224156
"ENSG00000179300",68.2349431313031,3.01879543878582,0.647615217003002,4.66140288172355,3.14061258842227e-06,7.16813417181499e-05
"ENSG00000179388",47.7434578840788,-1.85487349848449,0.421086092287782,-4.40497449917396,1.05796322673616e-05,0.000208163385232983
"ENSG00000179593",67.2428116114968,9.60975292677209,1.0889694326607,8.82463055302883,1.09821751323727e-18,2.32089967797476e-16
"ENSG00000179820",3784.34277701728,1.48889061026058,0.196788495868248,7.56594334283345,3.85059866603244e-14,4.60940894861142e-12
"ENSG00000179862",55.1845099880075,1.45914195097908,0.347097646233931,4.20383706663247,2.6242787529071e-05,0.0004560650121042
"ENSG00000180672",133.2480638932,1.29374944384817,0.308967076652591,4.18733755669018,2.82245894269068e-05,0.000485576403828936
"ENSG00000181061",2420.90800173908,1.2103137862129,0.128107158829677,9.44766707239255,3.46466341509316e-21,1.07832924253754e-18
"ENSG00000181467",630.869571252005,-1.27245221033199,0.118414311103326,-10.7457637381487,6.20462628664416e-27,3.66244113016465e-24
"ENSG00000181634",26.8280741823944,-2.60407867024794,0.510772751715491,-5.09831164936232,3.42696284675565e-07,9.92601523024758e-06
"ENSG00000182010",118.3057488985,-1.90173876071702,0.255229858220807,-7.45108262008974,9.25773608028919e-14,1.09292362911993e-11
"ENSG00000182552",978.405343529915,1.12559837058025,0.170105082147765,6.61707667030475,3.66371505064091e-11,2.78735441052761e-09
"ENSG00000182580",426.1229140081,-1.45257027229027,0.301483651924408,-4.81807309623034,1.44951271092272e-06,3.58048464438313e-05
"ENSG00000182836",24.8480423376056,3.29346327013598,0.820767361228527,4.01266354598496,6.0037456066941e-05,0.000923379310830096
"ENSG00000183044",498.690254503353,1.15807030071421,0.0971414775313924,11.9214812265952,9.14677113650954e-33,9.21026048910413e-30
"ENSG00000183160",2987.64727922828,-1.16912178311171,0.112188739688202,-10.4210260883665,1.98796747374151e-25,9.45278533764088e-23
"ENSG00000183496",171.525899913249,-1.63567482606859,0.387733008077189,-4.21855965830736,2.45867919394769e-05,0.000432555708550839
"ENSG00000183508",90.0350688619864,-2.46780330345031,0.334087440324771,-7.38669882666443,1.50519005924271e-13,1.72925123718904e-11
"ENSG00000183801",1368.9098783058,-1.00721510381471,0.249274208139278,-4.04059092728896,5.33166880942001e-05,0.000831763111663766
"ENSG00000183876",193.710165838978,-1.63936115858092,0.424860297232261,-3.85858873907608,0.000114043659485066,0.00159341726302247
"ENSG00000184156",16.2913207397899,2.51458006233488,0.567329094986689,4.43231289309052,9.3227594595758e-06,0.000186651457811718
"ENSG00000184307",101.191575318095,1.71024670193923,0.357662446184522,4.78173406289599,1.73789492616204e-06,4.2137797940569e-05
"ENSG00000184564",43.2167565534767,-2.97366363325665,0.683550831769824,-4.35031821343461,1.35940112803058e-05,0.000260293383776594
"ENSG00000185022",648.338500370493,1.29752985019161,0.187143634092706,6.93333682698953,4.11027960727114e-12,3.78278313533695e-10
"ENSG00000185112",706.040640843534,1.231463195744,0.304305390128706,4.04680046982787,5.19224635664976e-05,0.000814673447599731
"ENSG00000185338",222.261620507952,-1.17205905716455,0.304713289794526,-3.84643235598581,0.000119850198992207,0.00165934323292613
"ENSG00000185432",3885.65647195502,2.32577747623311,0.259192673788565,8.97316055364414,2.88125662907973e-19,6.66504742926849e-17
"ENSG00000185745",237.71394326956,-1.6308195626384,0.353036273564779,-4.61941076527697,3.84831338740295e-06,8.54792385601942e-05
"ENSG00000185813",468.253700030145,1.12220029537552,0.154826159293222,7.24813106840822,4.22561610547133e-13,4.72771872506263e-11
"ENSG00000185950",1974.87889005049,2.16285342575026,0.211627333748236,10.2201043099816,1.61167358512862e-24,6.89715710755793e-22
"ENSG00000186198",52.6272144869608,-1.58680458588401,0.438932094177099,-3.6151482357628,0.000300175811972612,0.00364992778113587
"ENSG00000186575",2623.99717045994,1.04190106445356,0.247698899369808,4.20632092877422,2.5956157161033e-05,0.000452001524193858
"ENSG00000187193",37.3833061453583,3.17278775294825,0.380327581725454,8.34224995871738,7.289017583926e-17,1.286323742285e-14
"ENSG00000187288",22.4448556240806,3.78641946614121,0.637708650797299,5.93753818676792,2.89333667977138e-09,1.39909992328606e-07
"ENSG00000187498",2283.82730989972,1.34326168123727,0.247359312240388,5.4304067595881,5.6225749889589e-08,2.01354055776147e-06
"ENSG00000188176",56.145889280883,-3.06155637248434,0.678952212740486,-4.50923690214786,6.50612248640736e-06,0.00013434475841052
"ENSG00000188312",76.9541915151675,-1.31976174078509,0.259995417107192,-5.0760961691912,3.85268350226553e-07,1.09551887361763e-05
"ENSG00000188501",7.45180015439393,-2.91930240139063,0.768236573241619,-3.80000445575308,0.00014469348618544,0.0019642054690899
"ENSG00000188536",8.6825047864436,-2.28323401774913,0.68853363323472,-3.31608204383937,0.000912890243447431,0.00913851180545796
"ENSG00000188916",53.1581029233325,2.49281942376878,0.605584829809432,4.11638353713919,3.8486366315927e-05,0.000632254912280267
"ENSG00000189007",169.746501137778,-1.08590305134928,0.20854017193245,-5.20716484160674,1.91747744022039e-07,5.95705604749413e-06
"ENSG00000189221",2341.78067569054,3.30522736474065,0.228030723877634,14.494658037898,1.30952913331622e-47,3.20235995772957e-44
"ENSG00000196155",242.43974025819,-1.36777349550432,0.226575626999047,-6.03671945486914,1.57278809112536e-09,8.23332921831314e-08
"ENSG00000196230",7908.08670681921,-1.15969374479873,0.254608891364091,-4.55480458119732,5.24343001305396e-06,0.000111777129468814
"ENSG00000196476",124.729574007683,-1.05773698550566,0.183043390299255,-5.77861338656577,7.53187769473377e-09,3.32295573140342e-07
"ENSG00000196507",988.841982921031,1.05483307110601,0.174370273531419,6.04938588294376,1.45399013946282e-09,7.72662631104887e-08
"ENSG00000196511",51.3569865261153,-1.05196747337701,0.279847137265219,-3.75907891592982,0.000170540044010214,0.0022456188256668
"ENSG00000196517",229.638049919376,-2.21693924604393,0.166828412556427,-13.2887390827033,2.69074302057904e-40,3.838344918856e-37
"ENSG00000196569",17178.4005648725,2.07082483130257,0.294833824996787,7.02370167780151,2.16065890892304e-12,2.11349481159684e-10
"ENSG00000196616",46331.4608875205,1.19380559570605,0.193647479439972,6.16483932121672,7.05547464055768e-10,4.02585382990221e-08
"ENSG00000196850",520.926171084248,1.17938948596183,0.185718945951523,6.35039941627536,2.14756591804578e-10,1.35653259723644e-08
"ENSG00000196932",68.8282280672939,-2.07415098282191,0.295665638468738,-7.01519119219942,2.29634720499183e-12,2.21348874899023e-10
"ENSG00000196950",808.739883006461,-1.22216711717499,0.234783160161645,-5.20551438328687,1.93459961167967e-07,5.97216383491657e-06
"ENSG00000196975",4908.81788741262,1.19331761250537,0.131535372005814,9.07221832658535,1.16618142609618e-19,2.9795065152111e-17
"ENSG00000197301",209.371085229787,2.31291753814189,0.32330374379307,7.15400790292817,8.42802110062433e-13,9.01692907503045e-11
"ENSG00000197312",476.458250104166,1.06147059352811,0.198873387408119,5.33741898482274,9.42790058773906e-08,3.16444710315524e-06
"ENSG00000197381",1969.04008868001,2.32322861026251,0.59178720479109,3.92578378081467,8.64477842374869e-05,0.00126191538267248
"ENSG00000198108",41.0023438855144,1.43511600402963,0.3871626324033,3.70675236688312,0.000209934032421451,0.00269591205325612
"ENSG00000198431",22734.5766088759,1.54669174890628,0.200443824531818,7.71633525013269,1.19722154275092e-14,1.50691458594194e-12
"ENSG00000198624",2057.20440873193,2.89494699695876,0.250638798651038,11.5502747880202,7.35847890251059e-31,6.62960220279875e-28
"ENSG00000203685",8.00352163341268,2.96330600406619,0.766630670460506,3.86536322931898,0.000110923995164622,0.0015602275671553
"ENSG00000203722",56.600491203571,-1.05552913471597,0.243567680395372,-4.33361738717787,1.46679010935911e-05,0.000277749038628422
"ENSG00000203727",322.816250918906,-1.06491292248466,0.252421691081577,-4.21878531088876,2.45622014008116e-05,0.000432555708550839
"ENSG00000205208",588.217370799329,-1.38685879171505,0.19662918451484,-7.05316860839844,1.74888715638047e-12,1.7507280902293e-10
"ENSG00000205213",387.915257638184,-1.11788668524661,0.210078230525113,-5.3212876101076,1.03035355624268e-07,3.41813801855856e-06
"ENSG00000205364",52.271046309327,2.50544860675887,0.426966557949431,5.86802071523272,4.41028162179646e-09,2.0404108324841e-07
"ENSG00000205978",1601.03584426828,-1.16102858657292,0.17315574695283,-6.7051114791425,2.01252666335453e-11,1.59492738070846e-09
"ENSG00000206052",193.292889933886,-1.12839703807181,0.21000942896045,-5.37307797872404,7.74038344459686e-08,2.64999767609218e-06
"ENSG00000206172",11.1291277867445,-2.56384559918172,0.643209151035858,-3.9860216463848,6.71903847802988e-05,0.00102146092954632
"ENSG00000206190",290.889506611127,1.28696567161712,0.315796566122929,4.07529976471037,4.59551105176326e-05,0.000733140337223518
"ENSG00000206538",12754.9344048327,1.343551893502,0.227989433167107,5.89304458034787,3.79144064695864e-09,1.77813372588049e-07
"ENSG00000206561",35.661443204834,-1.06958580373616,0.284911530821231,-3.75409798491896,0.000173966806418722,0.00228329163893088
"ENSG00000211445",12285.7000547124,3.74280310253008,0.37683577303375,9.93218630067499,3.01569612221543e-23,1.12223230913225e-20
"ENSG00000211448",662.63316137939,1.55152679997128,0.33777764697339,4.59333769973685,4.36212302546477e-06,9.42813408458408e-05
"ENSG00000213160",203.848539203316,1.63465293702241,0.327246380726092,4.99517499137942,5.87824415562796e-07,1.60998053529663e-05
"ENSG00000213626",4674.62959092944,1.39501944207289,0.37973328611879,3.67368227402771,0.000239079988912792,0.00301145787359027
"ENSG00000213639",3975.42751178919,1.07135400918687,0.193784355852202,5.52858874740116,3.22817108483341e-08,1.23073123897947e-06
"ENSG00000213763",32.5538782535638,1.32792118175735,0.340341766456011,3.9017285347756,9.55082322433701e-05,0.00137618680096129
"ENSG00000214274",62.0381840241942,1.12109938347617,0.219836591935037,5.09969415741063,3.40202740236371e-07,9.88725043695451e-06
"ENSG00000214814",243.273277090711,-3.15969726442557,0.470973019674718,-6.70887106570955,1.96135870077249e-11,1.56890365606652e-09
"ENSG00000214944",628.402490795737,1.08558881590034,0.190553320504745,5.69703436825339,1.21909359892827e-08,5.12738187382165e-07
"ENSG00000215386",101.441265947275,-1.37510735109995,0.228005672299904,-6.03102254969875,1.62925449296049e-09,8.47707550471055e-08
"ENSG00000215481",10.2941847110896,2.56499880496145,0.703352352034601,3.64681911923893,0.000265506684752487,0.0032958255472031
"ENSG00000221869",1963.57514702786,1.49927766123563,0.161373889633395,9.29070783781473,1.5326562362425e-20,4.30098515606543e-18
"ENSG00000221968",1863.01156748752,1.00592996854855,0.178112446090442,5.64772418002589,1.62585749604758e-08,6.69024726378424e-07
"ENSG00000223401",40.2754316755108,1.19980542535054,0.302136820109532,3.97106656817127,7.15515811866101e-05,0.00107534676624442
"ENSG00000223764",25.8912804732707,-1.77097925986796,0.444786547978814,-3.98163853631723,6.84418102350148e-05,0.00103680257309999
"ENSG00000223949",17.3539296149798,-1.82950415900054,0.461436166028322,-3.96480443816849,7.34561436844174e-05,0.00109559017562712
"ENSG00000224080",9.11021741192982,2.31407189085999,0.615128919778098,3.76192992469735,0.000168607292743534,0.00222702132498752
"ENSG00000224468",32.1259613932917,1.1042239354505,0.289693071788456,3.81170294696189,0.000138012674459489,0.00188397205853072
"ENSG00000225313",30.1446565764722,1.14616084173083,0.315695541351291,3.6305892595912,0.000282774889000372,0.00347241072446798
"ENSG00000225415",565.934634109928,-1.44288554232834,0.318675863597763,-4.52775282708443,5.96142541820575e-06,0.000124296809145976
"ENSG00000225783",69.7496343195527,-1.86106177283997,0.552542535869497,-3.36817828859339,0.000756666475478709,0.00787872063701006
"ENSG00000226121",506.829471622505,1.29971602158921,0.234144197510876,5.55092133568178,2.84167943069256e-08,1.09312064032798e-06
"ENSG00000226950",220.817719307965,1.141744685021,0.179229931857946,6.37027907774867,1.88684549426278e-10,1.1962600433626e-08
"ENSG00000227051",4615.70080486906,-1.14514371549011,0.12571204039288,-9.10926043290099,8.29454478513975e-20,2.15130329745488e-17
"ENSG00000227268",22.4117295944599,-1.55387945321835,0.382854701748873,-4.05866624105766,4.93537929991529e-05,0.000779371059556733
"ENSG00000229644",747.114560195512,1.07704346130136,0.177287540435143,6.07512213581289,1.23893387418162e-09,6.69899917745253e-08
"ENSG00000230018",41.519428327209,2.41328881041904,0.491176996424575,4.91327734805599,8.95664350146135e-07,2.32165102047969e-05
"ENSG00000230417",33.4410126094382,-1.56981805751679,0.337412800265851,-4.65251483132803,3.27911145252802e-06,7.44453976715845e-05
"ENSG00000233117",77.6315991325697,3.47432766077573,0.429410657299987,8.09092089754204,5.92153037972591e-16,8.81432669914332e-14
"ENSG00000235109",71.4228257725772,-1.74166858912785,0.351526113153058,-4.95459234452238,7.24820877411805e-07,1.91769455634239e-05
"ENSG00000235513",28.1190025042341,-2.12338509193855,0.389350166675966,-5.45366426850851,4.93423216258132e-08,1.80793038091002e-06
"ENSG00000235649",136.750538274165,-1.15601594200876,0.333287869802968,-3.46852089964202,0.000523331819269288,0.00579456279576434
"ENSG00000235927",33.1865655111711,1.16103248729636,0.300608596658464,3.8622730693742,0.000112336898901255,0.00157710908714399
"ENSG00000237697",126.795186309546,2.02804996424889,0.384630316697039,5.27272520186264,1.34412746653308e-07,4.33310244295918e-06
"ENSG00000237928",7.32018678586575,3.00860485980236,0.897551623925173,3.35201316515381,0.000802262036356974,0.00825804061236241
"ENSG00000240445",668.837720848074,1.03564039579184,0.185996912450316,5.56805154530985,2.57603628601747e-08,1.00219520781925e-06
"ENSG00000240859",51.3820604914993,1.22883046559331,0.261488920494372,4.69935958766464,2.60978582732527e-06,6.08641877277301e-05
"ENSG00000241399",676.962148494614,1.70164986081162,0.344170732348551,4.9442026903331,7.64561245987065e-07,2.01040851133742e-05
"ENSG00000242539",168.546487089579,1.03039034254736,0.178353056583966,5.77725082083054,7.59310521612979e-09,3.34135668611079e-07
"ENSG00000243244",996.172029975073,1.43792674455602,0.228499942208913,6.29289762901274,3.11593845381783e-10,1.90495123044477e-08
"ENSG00000243742",21.2155210445864,-2.18608769080368,0.401064237399009,-5.45071708457715,5.01671236681898e-08,1.82715068713207e-06
"ENSG00000244490",75.213124650084,1.15659264526467,0.277251518857539,4.17163682287692,3.02419377442044e-05,0.000514384350983923
"ENSG00000245812",181.253072875573,1.6268802825191,0.347413695788536,4.68283289415667,2.82937164931538e-06,6.5450248504028e-05
"ENSG00000246430",2162.53381587847,2.06347301289852,0.235821264464095,8.75015668153494,2.13056725109779e-18,4.35182836425956e-16
"ENSG00000246763",155.491769439565,-1.47705084125005,0.307613200557404,-4.80164972950964,1.57363777879045e-06,3.85924520019125e-05
"ENSG00000247311",17.5620741427689,2.62145427361527,0.476071674047897,5.5064277429611,3.66188162833451e-08,1.38070682189053e-06
"ENSG00000248144",820.405087871941,1.15271658455488,0.225544851287999,5.11080868382573,3.20782708184671e-07,9.37057747219318e-06
"ENSG00000248187",7.68952994258655,3.57028405039404,0.931837319292074,3.83144565738837,0.000127392514118679,0.0017558011728531
"ENSG00000249364",8.83918349519796,5.16528865933537,1.22244988555676,4.22535820925112,2.38560996101962e-05,0.000422304770555676
"ENSG00000250899",54.4168537608994,1.00555281165776,0.26725243134049,3.76255814255491,0.000168184191679907,0.00222314825727926
"ENSG00000250978",56.3185566347047,6.3002280149634,0.668047338085045,9.43081074617104,4.06931282975649e-21,1.24390173249592e-18
"ENSG00000253139",15.6381285076394,2.37127597340512,0.665322195538288,3.56410170787495,0.000365104376609757,0.00429543417100057
"ENSG00000253276",738.222089385992,1.21725190831449,0.264621271871018,4.59997754416282,4.22536487117513e-06,9.2257392684663e-05
"ENSG00000253368",1040.17481746375,1.96743532229683,0.241424326392429,8.1492836769846,3.66086267514113e-16,5.80246734009869e-14
"ENSG00000253833",84.9518425316552,1.16603206715029,0.26410923619063,4.41496133936287,1.01028043868762e-05,0.000199469210489672
"ENSG00000254109",48.2905524940829,1.01462764663842,0.306594734585051,3.30934465659246,0.000935146432314534,0.00932314305670367
"ENSG00000254254",68.9066622714279,1.47705398513694,0.35174331482303,4.19923825952478,2.67814404641524e-05,0.000464012852090447
"ENSG00000254726",47.8948534000902,-2.01250400087839,0.38591883562444,-5.21483746089263,1.83978484085138e-07,5.7469775375354e-06
"ENSG00000254842",11.456641092336,2.84475697237902,0.765260792628833,3.71736929394576,0.000201308076733641,0.00260074842077469
"ENSG00000254851",470.693158890391,1.16510591977198,0.309967053571491,3.75880567417551,0.000170726369917231,0.00224634435068651
"ENSG00000256340",37.9956639989542,-1.24073618000016,0.280669890580326,-4.42062444758417,9.84160871650593e-06,0.000194986872695774
"ENSG00000258016",41.5295662491666,1.45478879282837,0.354397947725039,4.10495828818138,4.04387840001277e-05,0.000660525863086056
"ENSG00000258457",8.33136465987665,-2.45838556337107,0.694792225184617,-3.53830321391094,0.000402707328183188,0.00467993485664617
"ENSG00000259426",29.0229650387736,1.64524127292884,0.436430374942444,3.76976802576084,0.000163399349482482,0.00216995350228172
"ENSG00000259448",9.61888078696031,1.92478783357466,0.567352050766239,3.39258108078597,0.000692374374591058,0.00732966267424226
"ENSG00000259583",69.842845818744,-1.09803734167861,0.301983157255678,-3.63608802443556,0.000276809776309516,0.00341385428736765
"ENSG00000260230",44.4474765185229,-1.0737725189153,0.292379765809487,-3.67252677675021,0.000240163977081705,0.00302288747035635
"ENSG00000260802",6.72314403781662,5.53529096838252,1.43516509550802,3.85690188934195,0.000114833226034527,0.00160204984780687
"ENSG00000260841",69.3424500512465,1.21964844041011,0.2975720167773,4.09866644592082,4.15537362698608e-05,0.000676156708619274
"ENSG00000261121",7.00515534339253,-3.11453411662673,0.866340296215175,-3.59504703894458,0.000324332970534982,0.00388246978294953
"ENSG00000261425",22.8002084730873,-1.9568594537448,0.554508163711194,-3.52900025970402,0.000417132721165149,0.00481813624892377
"ENSG00000261468",33.1838111689967,2.44419850565934,0.410438782513004,5.95508662873958,2.59934106727797e-09,1.27860690774898e-07
"ENSG00000261490",64.2625290810485,1.43951278764617,0.246487752448654,5.8400986391648,5.21699244497805e-09,2.36881900989746e-07
"ENSG00000261589",78.4317516573101,1.3223326785237,0.363534727488792,3.63743152589037,0.000275370366396987,0.00339855078008913
"ENSG00000261597",184.82379626024,-1.03317731899483,0.176100331125018,-5.86698112601132,4.43801171216601e-09,2.04220119593704e-07
"ENSG00000261685",48.4470782983356,2.3284306507369,0.430006077634079,5.41487846764417,6.13303481859052e-08,2.17360848912283e-06
"ENSG00000261827",11.5445579361005,-1.87974003846207,0.533862207518205,-3.52102099004258,0.00042988858622209,0.00493550155529828
"ENSG00000264868",18.1836599664755,4.60301235103378,0.927522887497778,4.96269408882356,6.95220360473123e-07,1.85082148220512e-05
"ENSG00000267339",26.2332150611532,-4.5273458654927,0.807345469403825,-5.60769340643711,2.05040828458916e-08,8.21988033152158e-07
"ENSG00000267480",24.2621807842876,2.38804942811601,0.503097323558918,4.74669475723486,2.06767627141109e-06,4.93646895592958e-05
"ENSG00000267528",18.3332973925955,-2.10561273116542,0.628071821597107,-3.35250310356404,0.000800843435406403,0.00825336419463384
"ENSG00000267669",85.667253935463,1.48709203116766,0.281412645274793,5.28438240476203,1.26129537785854e-07,4.12827041647849e-06
"ENSG00000268894",6.62879201228482,4.16473141420263,1.2073561025219,3.44946400279373,0.000561700615064995,0.00612432555967044
"ENSG00000268913",72.857073302781,2.59404263004804,0.402021065745624,6.45250423690334,1.10016806442668e-10,7.47328449478407e-09
"ENSG00000269289",8.28398322495474,3.20338789241557,0.799406063289527,4.00720990185356,6.14402562672076e-05,0.000943259467965973
"ENSG00000269728",301.775957049144,1.12701120497167,0.237971131297002,4.7359156500588,2.18068277991535e-06,5.17738250022065e-05
"ENSG00000270093",11.0488827412884,-2.0331082009477,0.60412779090784,-3.36536115627539,0.00076443529030709,0.00794029326424561
"ENSG00000272168",89.1268202836453,-1.61598580402902,0.448097874065582,-3.60632330023621,0.000310566166129883,0.00374385326183897
"ENSG00000272341",64.5644761328689,-1.48377980240076,0.363253560209223,-4.08469445294948,4.41348534998991e-05,0.000711393994549222
"ENSG00000272796",17.6400790331034,-1.66347634888938,0.495293311617079,-3.35856816531261,0.000783473954805385,0.00811834573750519
"ENSG00000272841",114.903197148601,-2.05354676539074,0.520233798057814,-3.94735361880992,7.90198015244223e-05,0.00116508265503451
"ENSG00000272870",130.635909440324,1.05391654908736,0.1972127456751,5.34405900328392,9.08879612962811e-08,3.06263803438925e-06
"ENSG00000273259",8.86087720009819,3.85949702689546,1.07108178105253,3.60336352944291,0.000314125708939938,0.0037787799617947
